Maturity,0.25,0.5,0.75,1,2,3,4,5,6,7,8,9,10,12,15,20,25
01-01-2018,1.6943,1.7535,1.8274,1.8992,2.078,2.169,2.214,2.245,2.2785,2.3106,2.3412,2.37,2.398,2.4445,2.4897,2.5331,2.5385
02-01-2018,1.6969,1.772,1.8506,1.9244,2.1071,2.1993,2.2479,2.2826,2.3189,2.3523,2.384,2.4145,2.444,2.4925,2.5425,2.591,2.6035
03-01-2018,1.6959,1.772,1.8543,1.9311,2.1106,2.2017,2.2508,2.2852,2.3182,2.3483,2.3776,2.4064,2.433,2.4808,2.5286,2.5739,2.5862
04-01-2018,1.7038,1.793,1.8772,1.9537,2.1407,2.233,2.2804,2.3131,2.343,2.3706,2.3958,2.421,2.446,2.4903,2.5351,2.577,2.5883
05-01-2018,1.7039,1.7915,1.8778,1.9575,2.1489,2.2452,2.2964,2.3324,2.3628,2.3915,2.4195,2.4448,2.4701,2.5155,2.56,2.6034,2.6144
08-01-2018,1.708,1.7945,1.8801,1.959,2.1466,2.2399,2.2915,2.3273,2.3585,2.3889,2.4173,2.4435,2.468,2.5144,2.5598,2.6028,2.6135
09-01-2018,1.7046,1.7965,1.8866,1.9677,2.1657,2.2695,2.3311,2.3734,2.4131,2.4493,2.4825,2.513,2.5415,2.59,2.638,2.6827,2.6955
10-01-2018,1.7091,1.803,1.8918,1.9742,2.1687,2.2708,2.3287,2.3706,2.412,2.4472,2.4808,2.5125,2.5393,2.587,2.6345,2.6779,2.6897
11-01-2018,1.7091,1.814,1.901,1.981,2.1704,2.2702,2.328,2.3704,2.4075,2.4407,2.4717,2.502,2.5284,2.573,2.6149,2.6562,2.6655
12-01-2018,1.7215,1.823,1.9151,1.9996,2.194,2.2973,2.3552,2.3947,2.4292,2.4604,2.4886,2.5158,2.5392,2.5806,2.6196,2.6556,2.6622
15-01-2018,1.7215,1.823,1.9151,2.0145,2.214,2.3145,2.3547,2.3924,2.429,2.45,2.484,2.51,2.5435,2.5781,2.6209,2.6551,2.662
16-01-2018,1.7341,1.8435,1.9395,2.0208,2.2156,2.3152,2.3718,2.4096,2.4394,2.4702,2.4958,2.5208,2.5444,2.5815,2.619,2.6533,2.6579
17-01-2018,1.7392,1.8485,1.947,2.0378,2.2472,2.3534,2.4145,2.4576,2.491,2.5219,2.5493,2.575,2.5975,2.6334,2.6688,2.6992,2.7018
18-01-2018,1.7447,1.8535,1.951,2.0373,2.2526,2.3658,2.4333,2.479,2.5193,2.5545,2.5858,2.6132,2.639,2.6785,2.7146,2.7488,2.7505
19-01-2018,1.7445,1.858,1.9598,2.0471,2.2674,2.3969,2.4741,2.5294,2.577,2.6191,2.656,2.6875,2.7167,2.7589,2.8009,2.8359,2.8375
22-01-2018,1.7413,1.8498,1.9521,2.0398,2.2661,2.395,2.4709,2.5222,2.5668,2.605,2.6393,2.6693,2.696,2.7377,2.7766,2.8097,2.8123
23-01-2018,1.7452,1.8505,1.9458,2.0287,2.2412,2.3591,2.4305,2.4802,2.5207,2.5559,2.5884,2.6176,2.6441,2.6869,2.7279,2.7634,2.7675
24-01-2018,1.7525,1.8598,1.9585,2.0423,2.2589,2.3824,2.4548,2.5054,2.5486,2.5858,2.6191,2.6502,2.6756,2.7189,2.7593,2.7938,2.7972
25-01-2018,1.7603,1.87,1.9689,2.0548,2.269,2.3852,2.4517,2.4936,2.5293,2.5604,2.5878,2.6135,2.636,2.6735,2.7105,2.7396,2.7405
26-01-2018,1.7669,1.884,1.9865,2.0756,2.3046,2.4272,2.4996,2.5453,2.5788,2.6103,2.6373,2.6616,2.6843,2.7215,2.7561,2.7835,2.7823
29-01-2018,1.7526,1.89,1.994,2.0833,2.312,2.4378,2.5149,2.5625,2.6038,2.6396,2.6681,2.6944,2.718,2.7552,2.7905,2.8165,2.8148
30-01-2018,1.7537,1.888,1.988,2.0823,2.3153,2.4483,2.5268,2.5793,2.6221,2.659,2.6896,2.7165,2.7398,2.7771,2.8105,2.8391,2.8362
31-01-2018,1.758,1.8965,2.0024,2.096,2.3319,2.4684,2.5424,2.5893,2.6304,2.6617,2.6887,2.7145,2.7355,2.7711,2.8028,2.8277,2.8252
01-02-2018,1.7587,1.9095,2.0171,2.1118,2.3618,2.5143,2.6025,2.6587,2.7052,2.7444,2.7764,2.8042,2.8278,2.8646,2.8977,2.9215,2.9162
02-02-2018,1.7696,1.917,2.0252,2.1207,2.3657,2.524,2.6212,2.6854,2.7412,2.7847,2.8201,2.8512,2.8771,2.9159,2.9483,2.9702,2.9667
05-02-2018,1.7737,1.898,1.9865,2.0675,2.2788,2.4028,2.4812,2.5352,2.5838,2.6268,2.6619,2.6924,2.7187,2.7641,2.8079,2.8393,2.8396
06-02-2018,1.7708,1.9155,2.0185,2.1105,2.347,2.4886,2.5753,2.635,2.6869,2.7321,2.7705,2.8019,2.8293,2.8699,2.9062,2.9316,2.9286
07-02-2018,1.7708,1.9315,2.0319,2.1205,2.3494,2.4935,2.5841,2.6489,2.704,2.7509,2.7919,2.8262,2.8548,2.9003,2.9402,2.9698,2.97
08-02-2018,1.7803,1.9438,2.0451,2.1299,2.3432,2.4776,2.5648,2.6277,2.6814,2.7325,2.7744,2.8093,2.8398,2.8862,2.9289,2.9617,2.962
09-02-2018,1.7906,1.961,2.0555,2.1375,2.3498,2.4863,2.576,2.6415,2.699,2.7499,2.7925,2.8293,2.8608,2.9085,2.9515,2.9838,2.9838
12-02-2018,1.7998,1.9683,2.0666,2.1482,2.3583,2.4951,2.5881,2.6555,2.7131,2.7632,2.8059,2.8415,2.8716,2.9185,2.96,2.9907,2.9888
13-02-2018,1.8183,1.972,2.0699,2.149,2.3577,2.4865,2.5723,2.6349,2.6884,2.7346,2.7743,2.8076,2.8355,2.8819,2.9207,2.9497,2.946
14-02-2018,1.8183,2.0005,2.1122,2.206,2.4398,2.5825,2.6703,2.7295,2.7814,2.824,2.8604,2.8915,2.9181,2.9601,2.9947,3.0201,3.0144
15-02-2018,1.8297,2.0295,2.1355,2.229,2.4688,2.6117,2.6953,2.7516,2.7974,2.837,2.87,2.8991,2.925,2.9639,3.0004,3.024,3.0184
16-02-2018,1.8519,2.0385,2.1463,2.2283,2.4581,2.5933,2.675,2.7285,2.7721,2.8105,2.8423,2.87,2.8947,2.9356,2.9728,2.998,2.993
19-02-2018,1.8711,2.0385,2.1463,2.2283,2.4775,2.616,2.688,2.727,2.77,2.8057,2.839,2.867,2.8897,2.9482,2.9728,3.001,2.991
20-02-2018,1.8711,2.0635,2.1704,2.2591,2.4912,2.625,2.6995,2.7456,2.7868,2.821,2.8523,2.8784,2.9024,2.9447,2.9817,3.0067,3.0027
21-02-2018,1.8828,2.0915,2.1975,2.2917,2.5387,2.6844,2.7649,2.8163,2.8579,2.8935,2.9236,2.9516,2.9758,3.0192,3.0526,3.0775,3.0728
22-02-2018,1.8991,2.0935,2.1905,2.2755,2.508,2.6433,2.7209,2.7715,2.8141,2.8501,2.8825,2.9112,2.9365,2.981,3.0211,3.0488,3.0462
23-02-2018,1.9225,2.099,2.1919,2.2723,2.4895,2.6122,2.6823,2.7253,2.762,2.7963,2.8254,2.8503,2.876,2.9207,2.9565,2.9849,2.982
26-02-2018,1.9352,2.121,2.209,2.2898,2.4969,2.6143,2.679,2.7198,2.7561,2.7878,2.8143,2.841,2.8635,2.9053,2.9427,2.9695,2.9666
27-02-2018,1.9629,2.181,2.2518,2.3146,2.5421,2.6658,2.735,2.7767,2.8114,2.8398,2.8663,2.8897,2.912,2.9486,2.9835,3.005,2.9995
28-02-2018,2.0499,2.181,2.2524,2.3187,2.5333,2.6497,2.7124,2.7514,2.7833,2.8087,2.8332,2.8547,2.8773,2.9133,2.9456,2.9693,2.9612
01-03-2018,2.0696,2.1585,2.2155,2.2733,2.4758,2.5804,2.6422,2.6816,2.715,2.7419,2.7694,2.7941,2.8179,2.8565,2.8906,2.9142,2.91
02-03-2018,2.0702,2.1625,2.222,2.2823,2.499,2.616,2.6838,2.7294,2.7663,2.7986,2.8262,2.852,2.8755,2.9165,2.9514,2.9759,2.9712
05-03-2018,2.0702,2.1745,2.234,2.2949,2.5123,2.632,2.7022,2.7472,2.7837,2.814,2.843,2.8665,2.8902,2.9295,2.9623,2.9866,2.9809
06-03-2018,2.0801,2.1905,2.2511,2.3091,2.5287,2.6511,2.7223,2.7674,2.8015,2.8312,2.8579,2.8812,2.9031,2.9415,2.9733,2.9989,2.992
07-03-2018,2.0918,2.199,2.2575,2.318,2.5374,2.657,2.7259,2.7681,2.8032,2.8316,2.8573,2.8812,2.9039,2.9421,2.9755,3.001,2.9951
08-03-2018,2.103,2.215,2.2695,2.3267,2.5428,2.6565,2.7195,2.7584,2.7908,2.8175,2.8423,2.8653,2.8867,2.9247,2.9592,2.9848,2.9792
09-03-2018,2.1174,2.231,2.2855,2.3431,2.5644,2.6838,2.7476,2.7884,2.8215,2.8488,2.8739,2.8973,2.9194,2.9582,2.9932,3.0182,3.013
12-03-2018,2.1352,2.25,2.3037,2.3596,2.5781,2.6896,2.7502,2.7867,2.8162,2.8402,2.8639,2.8841,2.9053,2.942,2.9762,2.9996,2.9939
13-03-2018,2.1537,2.2675,2.3213,2.3735,2.5821,2.688,2.7439,2.779,2.8068,2.8292,2.8517,2.8719,2.8922,2.9277,2.9604,2.9845,2.9769
14-03-2018,2.1707,2.277,2.3249,2.3768,2.5747,2.6756,2.7304,2.7646,2.7884,2.8073,2.8261,2.8437,2.8612,2.8943,2.924,2.9445,2.9373
15-03-2018,2.1927,2.298,2.3409,2.3879,2.5876,2.6872,2.7391,2.7707,2.7948,2.8153,2.8334,2.8509,2.868,2.8993,2.9265,2.9463,2.9365
16-03-2018,2.2259,2.32,2.3615,2.4079,2.6097,2.7161,2.7672,2.7964,2.819,2.8377,2.8563,2.8738,2.8901,2.921,2.9489,2.9689,2.9595
19-03-2018,2.2507,2.32,2.3554,2.4048,2.6078,2.7119,2.7673,2.8008,2.8238,2.8428,2.8613,2.8774,2.8949,2.9258,2.953,2.9718,2.963
20-03-2018,2.2719,2.3495,2.3916,2.44,2.6468,2.7534,2.809,2.8405,2.8643,2.8821,2.8997,2.9172,2.9332,2.9638,2.991,3.0094,3.001
21-03-2018,2.297,2.3538,2.385,2.4297,2.627,2.7372,2.7944,2.8276,2.8526,2.8721,2.8899,2.9085,2.9264,2.9574,2.9864,3.0042,2.9959
22-03-2018,2.3215,2.3485,2.375,2.4127,2.5983,2.6987,2.7484,2.7762,2.7987,2.8148,2.8336,2.8495,2.8692,2.8976,2.9272,2.9475,2.9374
23-03-2018,2.3425,2.351,2.3756,2.4096,2.5833,2.6763,2.724,2.7509,2.7721,2.7904,2.8085,2.8275,2.8451,2.8758,2.9055,2.9284,2.9221
26-03-2018,2.346,2.3635,2.3919,2.4283,2.6107,2.7091,2.7605,2.7912,2.8132,2.8315,2.8507,2.8687,2.8859,2.9164,2.9442,2.9636,2.9546
27-03-2018,2.3532,2.3415,2.3565,2.3834,2.5435,2.6305,2.6754,2.7006,2.721,2.7401,2.7582,2.7769,2.7935,2.8264,2.8575,2.8802,2.8742
28-03-2018,2.3336,2.344,2.378,2.4091,2.5685,2.6512,2.6947,2.7212,2.7407,2.7562,2.7736,2.7907,2.8076,2.8379,2.8646,2.8849,2.877
29-03-2018,2.3372,2.3535,2.3894,2.42,2.5804,2.6606,2.6908,2.7053,2.7179,2.7313,2.7464,2.7619,2.7761,2.8027,2.8284,2.848,2.8393
30-03-2018,2.3372,2.3535,2.3894,2.42,2.5815,2.659,2.676,2.708,2.72,2.732,2.7463,2.756,2.7902,2.804,2.8284,2.8485,2.8404
02-04-2018,2.3372,2.349,2.3815,2.4088,2.5598,2.6355,2.6705,2.6894,2.7049,2.7177,2.7327,2.7493,2.7649,2.7923,2.8169,2.8343,2.8245
03-04-2018,2.3374,2.367,2.4027,2.4326,2.5923,2.6734,2.7103,2.7308,2.7452,2.7595,2.774,2.7896,2.8071,2.8339,2.8584,2.878,2.8677
04-04-2018,2.3504,2.371,2.4086,2.4414,2.6043,2.6915,2.7341,2.7595,2.7756,2.79,2.8048,2.8207,2.8366,2.8641,2.889,2.9074,2.8985
05-04-2018,2.3565,2.3742,2.4172,2.451,2.6217,2.7098,2.7545,2.781,2.7997,2.8155,2.8326,2.8499,2.8672,2.8951,2.9229,2.9432,2.9345
06-04-2018,2.3634,2.3759,2.4114,2.4375,2.587,2.6648,2.7046,2.7274,2.744,2.7582,2.773,2.7893,2.8049,2.8344,2.8623,2.8823,2.8757
09-04-2018,2.3633,2.3708,2.4072,2.4361,2.5924,2.6701,2.7078,2.7297,2.7459,2.7595,2.7745,2.7891,2.806,2.8349,2.8596,2.8797,2.872
10-04-2018,2.365,2.379,2.4189,2.4496,2.6098,2.6904,2.7299,2.7521,2.7692,2.7831,2.799,2.8149,2.8309,2.8598,2.8848,2.9055,2.897
11-04-2018,2.3676,2.39,2.4329,2.4628,2.6183,2.6928,2.7312,2.7515,2.7657,2.7783,2.7905,2.805,2.8211,2.8483,2.874,2.8933,2.8855
12-04-2018,2.3738,2.4108,2.4615,2.4965,2.6629,2.7446,2.785,2.8058,2.8211,2.8346,2.8483,2.8628,2.8769,2.9037,2.9293,2.947,2.938
13-04-2018,2.379,2.4192,2.4706,2.5088,2.6734,2.7539,2.789,2.8075,2.8192,2.829,2.8397,2.8518,2.8647,2.8882,2.9096,2.9263,2.9173
16-04-2018,2.3813,2.4186,2.4678,2.5108,2.6848,2.764,2.7965,2.8095,2.82,2.8276,2.8375,2.8483,2.8609,2.8844,2.9068,2.9231,2.9127
17-04-2018,2.3816,2.4165,2.4663,2.5118,2.6846,2.7639,2.7959,2.811,2.8227,2.8312,2.8409,2.8515,2.8637,2.8875,2.9101,2.9252,2.9149
18-04-2018,2.3849,2.4263,2.4825,2.5301,2.7089,2.7942,2.8302,2.848,2.8585,2.8685,2.8772,2.8888,2.9011,2.9227,2.9441,2.9578,2.9464
19-04-2018,2.3878,2.4299,2.4869,2.533,2.7189,2.8105,2.8521,2.8725,2.8889,2.9005,2.9144,2.9261,2.9392,2.9622,2.9817,2.9973,2.9858
20-04-2018,2.3854,2.4313,2.4907,2.5408,2.741,2.8407,2.8901,2.9175,2.9374,2.953,2.9674,2.9816,2.995,3.0203,3.0408,3.0558,3.0439
23-04-2018,2.3858,2.4294,2.4927,2.5461,2.7531,2.8523,2.901,2.9281,2.9477,2.963,2.9765,2.9895,3.0037,3.0249,3.0425,3.0525,3.0395
24-04-2018,2.3879,2.4307,2.4934,2.5443,2.7463,2.8494,2.902,2.9344,2.9583,2.9775,2.9942,3.0096,3.0253,3.0498,3.0713,3.0844,3.072
25-04-2018,2.3919,2.441,2.5114,2.5587,2.7592,2.8625,2.9194,2.9578,2.9836,3.0051,3.0235,3.0413,3.0576,3.0829,3.1042,3.1179,3.1055
26-04-2018,2.4112,2.4275,2.4923,2.5424,2.7403,2.8396,2.8925,2.9234,2.9469,2.9646,2.9815,2.9968,3.0117,3.0376,3.0614,3.0753,3.0649
27-04-2018,2.4105,2.4369,2.4982,2.5382,2.7364,2.8358,2.883,2.9098,2.9294,2.9471,2.9612,2.9767,2.9892,3.0137,3.0344,3.0475,3.0355
30-04-2018,2.4155,2.4465,2.5099,2.5508,2.7498,2.8429,2.8883,2.9146,2.9323,2.9455,2.9595,2.9732,2.9869,3.0122,3.0339,3.0479,3.0365
01-05-2018,2.4155,2.4418,2.5079,2.5526,2.7593,2.8559,2.9007,2.9255,2.942,2.9558,2.9684,2.9803,2.9934,3.017,3.038,3.0498,3.0382
02-05-2018,2.4049,2.4521,2.5162,2.5599,2.7585,2.852,2.8969,2.9199,2.9403,2.9558,2.97,2.9832,2.9984,3.0241,3.0468,3.0608,3.0511
03-05-2018,2.4156,2.4494,2.5129,2.5532,2.7432,2.8365,2.88,2.9062,2.9244,2.9385,2.9515,2.9617,2.979,3.0004,3.024,3.0398,3.0268
04-05-2018,2.4217,2.4617,2.5308,2.5705,2.7654,2.8541,2.8943,2.9138,2.9334,2.9444,2.9575,2.9682,2.9842,3.0079,3.0277,3.0427,3.0302
07-05-2018,2.4217,2.4681,2.5321,2.5736,2.7715,2.859,2.8987,2.9199,2.9361,2.9501,2.9624,2.9761,2.9895,3.014,3.0349,3.0502,3.0365
08-05-2018,2.4217,2.4521,2.5213,2.5655,2.7727,2.868,2.914,2.9395,2.9576,2.9728,2.9854,3,3.0141,3.0365,3.0551,3.0659,3.052
09-05-2018,2.407,2.4517,2.5252,2.5724,2.7817,2.8831,2.9308,2.9584,2.9765,2.9917,3.007,3.0216,3.0351,3.0592,3.0793,3.0925,3.0805
10-05-2018,2.4073,2.448,2.5209,2.5676,2.7782,2.8754,2.9193,2.9429,2.9587,2.9722,2.9846,2.998,3.011,3.0348,3.0528,3.0635,3.0505
11-05-2018,2.4073,2.424,2.4955,2.5432,2.7576,2.8556,2.9021,2.9295,2.9465,2.9599,2.974,2.9881,3.0025,3.0241,3.0422,3.0506,3.0363
14-05-2018,2.3946,2.4092,2.4859,2.5362,2.7589,2.8633,2.9148,2.9454,2.9663,2.9824,2.9983,3.0162,3.0319,3.0537,3.0725,3.082,3.0681
15-05-2018,2.3818,2.4105,2.4944,2.5514,2.7873,2.9022,2.9635,3.0011,3.0269,3.0491,3.0691,3.0875,3.1042,3.129,3.1489,3.1597,3.1457
16-05-2018,2.3762,2.4294,2.516,2.5765,2.8201,2.9374,2.9975,3.0335,3.0592,3.0804,3.0993,3.1149,3.1329,3.1556,3.1731,3.1828,3.1664
17-05-2018,2.3831,2.4296,2.5142,2.5709,2.8168,2.9359,2.998,3.0361,3.0642,3.0866,3.1069,3.1259,3.1437,3.1702,3.1897,3.1988,3.1848
18-05-2018,2.3811,2.4251,2.5063,2.5601,2.7894,2.8997,2.9541,2.9868,3.012,3.0345,3.0543,3.0731,3.0903,3.1187,3.1403,3.1507,3.138
21-05-2018,2.3818,2.4337,2.5186,2.5742,2.8049,2.911,2.964,2.9955,3.0205,3.0416,3.0606,3.0799,3.0971,3.125,3.1458,3.1562,3.1415
22-05-2018,2.3818,2.4336,2.5189,2.5753,2.8053,2.9118,2.965,2.9947,3.0181,3.0377,3.0567,3.0733,3.0909,3.1162,3.136,3.1449,3.1311
23-05-2018,2.3801,2.426,2.5003,2.5484,2.7561,2.8564,2.9069,2.9353,2.9571,2.9759,2.9945,3.012,3.0273,3.0555,3.0758,3.0861,3.0732
24-05-2018,2.3818,2.4132,2.4857,2.5342,2.7403,2.8399,2.8915,2.919,2.9396,2.9575,2.9761,2.9939,3.01,3.036,3.0555,3.0644,3.0501
25-05-2018,2.3696,2.4058,2.4728,2.5147,2.7074,2.796,2.845,2.8685,2.8936,2.9125,2.9316,2.9504,2.968,2.9946,3.0164,3.0303,3.018
29-05-2018,2.3696,2.3712,2.4192,2.4458,2.5729,2.6385,2.6798,2.7063,2.7302,2.752,2.7752,2.7976,2.8178,2.8517,2.878,2.8924,2.8843
30-05-2018,2.3498,2.3851,2.4306,2.4932,2.6572,2.7336,2.7739,2.7993,2.8206,2.8398,2.8586,2.8778,2.896,2.925,2.9475,2.9581,2.9463
31-05-2018,2.3514,2.4142,2.4617,2.526,2.6949,2.7708,2.8092,2.8312,2.8486,2.8638,2.8803,2.8966,2.912,2.94,2.9612,2.9706,2.9582
01-06-2018,2.3693,2.4219,2.4787,2.5501,2.7404,2.8219,2.8601,2.8811,2.8983,2.9134,2.9294,2.9438,2.96,2.9848,3.0038,3.0125,2.9976
04-06-2018,2.3652,2.4276,2.4934,2.5729,2.7776,2.8634,2.905,2.9267,2.9434,2.9566,2.9715,2.9867,3.0008,3.0253,3.0426,3.0493,3.0342
05-06-2018,2.3707,2.428,2.4909,2.5673,2.7635,2.8469,2.8873,2.9094,2.9266,2.9411,2.957,2.9728,2.988,3.0156,3.0347,3.0416,3.0278
06-06-2018,2.3713,2.4325,2.4985,2.5819,2.7853,2.8731,2.9178,2.943,2.962,2.9786,2.9975,3.0129,3.0286,3.0539,3.0711,3.0783,3.0623
07-06-2018,2.3788,2.4367,2.4991,2.5769,2.7688,2.8499,2.8847,2.9041,2.9202,2.936,2.9518,2.9672,2.9813,3.0077,3.0252,3.0316,3.0174
08-06-2018,2.378,2.4368,2.5003,2.5801,2.779,2.8638,2.9045,2.9275,2.9448,2.9597,2.9753,2.9913,3.0073,3.0347,3.052,3.0574,3.0432
11-06-2018,2.3845,2.4452,2.5114,2.5932,2.7963,2.8805,2.919,2.9405,2.9569,2.9708,2.9854,3.0006,3.0154,3.0412,3.0597,3.0665,3.0515
12-06-2018,2.3875,2.4508,2.5182,2.6018,2.8099,2.896,2.9333,2.9522,2.9678,2.9816,2.9958,3.0087,3.0236,3.0484,3.0668,3.0732,3.0574
13-06-2018,2.3915,2.4595,2.5302,2.6193,2.8356,2.9221,2.9578,2.975,2.9874,2.9976,3.0082,3.0218,3.0343,3.0556,3.069,3.0728,3.0565
14-06-2018,2.3866,2.4568,2.5288,2.6187,2.835,2.9166,2.9437,2.9528,2.9614,2.9699,2.9796,2.9903,3.0031,3.0237,3.0372,3.0385,3.0231
15-06-2018,2.3776,2.4439,2.5152,2.6055,2.8211,2.9006,2.9286,2.9398,2.9475,2.9541,2.9627,2.9733,2.9845,3.005,3.0182,3.0226,3.0065
18-06-2018,2.3764,2.441,2.5118,2.6012,2.8144,2.8956,2.9251,2.9368,2.9451,2.9513,2.9624,2.972,2.9833,3.0065,3.0195,3.0239,3.0097
19-06-2018,2.382,2.4462,2.5142,2.6004,2.8008,2.8751,2.9027,2.9148,2.9237,2.9313,2.942,2.9535,2.9648,2.9877,3.0033,3.0061,2.9925
20-06-2018,2.3826,2.4587,2.5269,2.6193,2.8215,2.8997,2.9327,2.948,2.9583,2.9678,2.9776,2.9901,3.0014,3.0253,3.0404,3.0428,3.0291
21-06-2018,2.387,2.4593,2.523,2.614,2.8079,2.878,2.9045,2.9141,2.9222,2.9308,2.9415,2.9502,2.9633,2.9856,3.0008,3.0055,2.99
22-06-2018,2.3909,2.4598,2.5234,2.6108,2.8098,2.8788,2.9064,2.9147,2.9236,2.9309,2.9398,2.9523,2.9632,2.9847,3.0013,3.0036,2.9885
25-06-2018,2.3889,2.4558,2.5221,2.6063,2.7945,2.8599,2.8866,2.8981,2.906,2.9146,2.9247,2.9364,2.9483,2.971,2.9862,2.9883,2.9734
26-06-2018,2.3875,2.4552,2.5221,2.6046,2.7931,2.8578,2.8847,2.8943,2.9033,2.9119,2.9224,2.9346,2.9473,2.9706,2.9864,2.9898,2.9775
27-06-2018,2.3868,2.4535,2.513,2.5837,2.761,2.8185,2.8408,2.8501,2.8555,2.8655,2.8741,2.8867,2.8985,2.9206,2.937,2.9411,2.9275
28-06-2018,2.3893,2.473,2.5289,2.5983,2.7727,2.8325,2.8552,2.864,2.8701,2.8772,2.8864,2.8971,2.909,2.9305,2.9446,2.9455,2.931
29-06-2018,2.3877,2.4739,2.5358,2.6051,2.7918,2.8601,2.8827,2.8901,2.897,2.9024,2.9116,2.9225,2.9335,2.9531,2.9658,2.9659,2.9525
02-07-2018,2.3946,2.4842,2.547,2.6196,2.8116,2.8797,2.9016,2.9087,2.9135,2.919,2.927,2.938,2.9481,2.9665,2.9787,2.976,2.9605
03-07-2018,2.3892,2.4784,2.5358,2.6051,2.79,2.8527,2.872,2.8757,2.88,2.8835,2.8915,2.901,2.912,2.93,2.942,2.9396,2.9253
04-07-2018,2.3876,2.4784,2.5358,2.6136,2.803,2.8675,2.8785,2.877,2.892,2.8855,2.8914,2.9002,2.912,2.9386,2.9514,2.941,2.9256
05-07-2018,2.3906,2.4848,2.5502,2.6221,2.8076,2.8678,2.8838,2.8854,2.8866,2.8895,2.8958,2.9044,2.914,2.9291,2.9409,2.9365,2.9216
06-07-2018,2.3833,2.4814,2.544,2.6147,2.7951,2.8525,2.8703,2.873,2.8749,2.8791,2.8853,2.8941,2.9039,2.9196,2.9304,2.9253,2.9102
09-07-2018,2.385,2.4844,2.551,2.6244,2.8117,2.8727,2.8926,2.8995,2.9035,2.9099,2.9173,2.9278,2.9373,2.9557,2.966,2.9638,2.9498
10-07-2018,2.3894,2.4903,2.5601,2.6312,2.8158,2.8754,2.8893,2.8897,2.8938,2.8986,2.9067,2.9173,2.9266,2.946,2.9569,2.9552,2.944
11-07-2018,2.3878,2.4893,2.559,2.6322,2.8151,2.8734,2.8902,2.894,2.896,2.9,2.9054,2.9144,2.9237,2.9409,2.952,2.9527,2.939
12-07-2018,2.3912,2.4968,2.5649,2.6392,2.8212,2.8726,2.8863,2.8888,2.8899,2.8932,2.8983,2.9081,2.9173,2.9351,2.9462,2.9466,2.933
13-07-2018,2.3879,2.4933,2.5593,2.6325,2.8067,2.8532,2.8647,2.866,2.8665,2.8703,2.8766,2.8851,2.8951,2.9132,2.9249,2.9259,2.9134
16-07-2018,2.3845,2.4942,2.5655,2.6408,2.8257,2.8773,2.8908,2.8905,2.8922,2.8963,2.9026,2.9121,2.9214,2.937,2.949,2.9496,2.9351
17-07-2018,2.3845,2.5025,2.5767,2.6507,2.8364,2.8881,2.9001,2.901,2.9009,2.9035,2.9086,2.9173,2.9258,2.9429,2.9546,2.9553,2.9419
18-07-2018,2.3985,2.5078,2.5785,2.6538,2.8356,2.8884,2.9045,2.9094,2.9112,2.9155,2.9212,2.9296,2.9394,2.9571,2.9696,2.9717,2.9585
19-07-2018,2.3992,2.5009,2.5702,2.6438,2.8164,2.8647,2.8778,2.882,2.8822,2.8846,2.8902,2.897,2.9059,2.9246,2.9361,2.9401,2.9275
20-07-2018,2.3936,2.4942,2.5675,2.644,2.8291,2.884,2.9034,2.9123,2.9182,2.9251,2.935,2.9463,2.9563,2.975,2.9893,2.9928,2.9797
23-07-2018,2.3872,2.4899,2.5697,2.6493,2.8488,2.9127,2.9389,2.9532,2.9625,2.9722,2.9829,2.9949,3.0075,3.0261,3.0394,3.0427,3.0305
24-07-2018,2.3868,2.4895,2.5663,2.6483,2.8507,2.9186,2.9438,2.9569,2.9643,2.9723,2.9815,2.9928,3.0043,3.0232,3.0347,3.0378,3.0247
25-07-2018,2.3877,2.4923,2.5708,2.6574,2.8629,2.9359,2.9638,2.9776,2.9857,2.9953,3.0046,3.0158,3.0278,3.0466,3.0593,3.0624,3.0501
26-07-2018,2.3909,2.5,2.582,2.6673,2.8753,2.9455,2.9674,2.9803,2.9873,2.995,3.0048,3.0164,3.0279,3.045,3.0574,3.0609,3.0478
27-07-2018,2.3944,2.5035,2.5741,2.6655,2.8735,2.9376,2.9575,2.9615,2.9704,2.9805,2.9908,2.9983,3.0146,3.0353,3.0482,3.0537,3.0423
30-07-2018,2.3952,2.507,2.58,2.671,2.8758,2.9401,2.9651,2.9778,2.9881,2.9992,3.0106,3.0234,3.0366,3.0579,3.0738,3.0794,3.0681
31-07-2018,2.4008,2.512,2.5844,2.6776,2.8807,2.9444,2.9671,2.9776,2.9857,2.995,3.0044,3.0159,3.0283,3.0479,3.0624,3.0669,3.0553
01-08-2018,2.3993,2.5166,2.5897,2.6878,2.8999,2.9712,2.9995,3.0133,3.027,3.0382,3.0523,3.0636,3.0771,3.098,3.1119,3.1173,3.1038
02-08-2018,2.3925,2.5111,2.5866,2.6817,2.89,2.9587,2.9844,2.998,3.0091,3.0207,3.0318,3.0445,3.0565,3.0786,3.0938,3.0985,3.088
03-08-2018,2.3951,2.5095,2.5806,2.6713,2.866,2.9257,2.9499,2.9618,2.9725,2.984,2.9976,3.0096,3.0232,3.0459,3.0642,3.0701,3.0599
06-08-2018,2.3953,2.5113,2.5792,2.6694,2.8595,2.9164,2.9381,2.9498,2.9603,2.9717,2.9835,2.9966,3.0108,3.034,3.0531,3.0626,3.053
07-08-2018,2.3935,2.5124,2.5814,2.6752,2.8786,2.9432,2.9651,2.9766,2.9875,2.9975,3.0089,3.0214,3.0334,3.0575,3.0758,3.0825,3.0729
08-08-2018,2.3908,2.5053,2.5744,2.6708,2.8674,2.9288,2.9498,2.9603,2.9697,2.9794,2.9906,3.0024,3.0167,3.0403,3.0577,3.0671,3.0569
09-08-2018,2.39,2.4981,2.5607,2.6505,2.8433,2.9028,2.9234,2.9329,2.9406,2.9493,2.9604,2.9721,2.9847,3.0062,3.0248,3.0331,3.0212
10-08-2018,2.39,2.4767,2.535,2.6188,2.7948,2.8486,2.867,2.8775,2.8852,2.8951,2.9069,2.921,2.9342,2.9576,2.9769,2.9868,2.9765
13-08-2018,2.3652,2.4674,2.5306,2.6188,2.8001,2.852,2.8722,2.8833,2.8909,2.9011,2.9124,2.925,2.9395,2.9645,2.9846,2.9957,2.9857
14-08-2018,2.3666,2.4833,2.5509,2.6473,2.8345,2.8883,2.9048,2.9113,2.9202,2.9297,2.9412,2.9541,2.9675,2.9926,3.0128,3.0224,3.0132
15-08-2018,2.362,2.469,2.5356,2.6248,2.8007,2.851,2.8644,2.871,2.8803,2.8896,2.901,2.9147,2.9279,2.951,2.9709,2.9828,2.9726
16-08-2018,2.3631,2.489,2.5578,2.6472,2.8226,2.8693,2.8818,2.8856,2.893,2.9007,2.9111,2.9236,2.9366,2.9588,2.9758,2.9836,2.9738
17-08-2018,2.3739,2.4779,2.5481,2.6375,2.8175,2.8675,2.8806,2.8854,2.8918,2.8995,2.9103,2.922,2.9345,2.9568,2.9753,2.9823,2.9719
20-08-2018,2.3604,2.4704,2.5333,2.619,2.7871,2.83,2.8421,2.8454,2.8517,2.8589,2.8698,2.882,2.8948,2.9178,2.9377,2.9465,2.937
21-08-2018,2.3616,2.474,2.5382,2.622,2.7939,2.8392,2.8496,2.852,2.8572,2.865,2.8764,2.8881,2.9,2.9236,2.9427,2.953,2.9421
22-08-2018,2.362,2.4751,2.5371,2.6226,2.7856,2.8279,2.8388,2.844,2.8505,2.858,2.8693,2.881,2.8953,2.9177,2.9377,2.9463,2.9376
23-08-2018,2.3627,2.4837,2.5474,2.6344,2.7993,2.8399,2.849,2.8539,2.8579,2.8654,2.8757,2.8876,2.9001,2.9228,2.9407,2.9479,2.9394
24-08-2018,2.3687,2.4861,2.5542,2.6396,2.8035,2.8427,2.8482,2.8484,2.8519,2.8565,2.8663,2.8771,2.8889,2.9114,2.9274,2.9357,2.9255
27-08-2018,2.3687,2.4926,2.566,2.6537,2.8245,2.8677,2.8756,2.8791,2.8831,2.8901,2.9004,2.9119,2.9237,2.946,2.963,2.9709,2.9606
28-08-2018,2.3662,2.4944,2.5747,2.669,2.8445,2.8933,2.903,2.9077,2.9132,2.9204,2.9307,2.9422,2.9551,2.9772,2.9961,3.0024,2.9935
29-08-2018,2.3383,2.4861,2.5793,2.6652,2.8537,2.9037,2.914,2.9154,2.9192,2.9253,2.935,2.9466,2.9588,2.9786,2.9944,3.0012,2.9887
30-08-2018,2.347,2.4671,2.581,2.6697,2.8356,2.8766,2.8854,2.8867,2.8919,2.8961,2.9057,2.9176,2.9304,2.952,2.9701,2.9781,2.9682
31-08-2018,2.3465,2.4636,2.5742,2.6615,2.8237,2.8647,2.8744,2.8777,2.8826,2.8919,2.9016,2.9154,2.9305,2.9538,2.9734,2.9838,2.9735
03-09-2018,2.3414,2.4609,2.5742,2.6608,2.827,2.8674,2.8729,2.8773,2.8836,2.8917,2.9014,2.916,2.928,2.9534,2.9762,2.9858,2.9737
04-09-2018,2.3486,2.47,2.5836,2.6737,2.8435,2.8874,2.9017,2.9082,2.9153,2.9247,2.9369,2.9504,2.9648,2.9881,3.0075,3.0181,3.0085
05-09-2018,2.3426,2.4649,2.5792,2.6706,2.8379,2.8828,2.8963,2.9028,2.911,2.9207,2.9345,2.948,2.9643,2.9893,3.0115,3.0232,3.015
06-09-2018,2.3426,2.4738,2.5821,2.6669,2.8236,2.8608,2.871,2.875,2.8828,2.8932,2.9076,2.9207,2.9366,2.9628,2.9853,2.9979,2.99
07-09-2018,2.3572,2.4937,2.6157,2.7126,2.8957,2.9426,2.9528,2.9551,2.9597,2.969,2.9783,2.9911,3.0044,3.0277,3.0464,3.0565,3.0465
10-09-2018,2.3602,2.5006,2.6211,2.7176,2.8994,2.9459,2.9548,2.9548,2.9573,2.9624,2.9716,2.9819,2.9932,3.0138,3.0315,3.0395,3.0285
11-09-2018,2.3602,2.5065,2.6335,2.7365,2.9326,2.985,2.9973,3.0002,3.0049,3.0117,3.0214,3.0331,3.0458,3.0654,3.0805,3.0868,3.075
12-09-2018,2.3574,2.4989,2.6236,2.727,2.927,2.9785,2.9901,2.9928,2.9955,3.001,3.0096,3.0197,3.0303,3.0498,3.0649,3.0694,3.0575
13-09-2018,2.3601,2.503,2.6251,2.7315,2.9368,2.9883,3,3.0025,3.0048,3.0099,3.0185,3.0299,3.04,3.0595,3.0727,3.0779,3.0645
14-09-2018,2.3631,2.5118,2.6353,2.7449,2.9583,3.0113,3.0252,3.028,3.0306,3.0354,3.0434,3.0536,3.064,3.0816,3.0956,3.0984,3.086
17-09-2018,2.3647,2.508,2.6287,2.7351,2.9437,2.9972,3.009,3.0118,3.0156,3.021,3.0306,3.0424,3.0532,3.0726,3.0883,3.0944,3.0823
18-09-2018,2.3635,2.5076,2.6296,2.7389,2.9655,3.0318,3.0507,3.0599,3.0666,3.0763,3.087,3.1007,3.1148,3.135,3.1509,3.1581,3.1455
19-09-2018,2.3635,2.5222,2.6448,2.7521,2.9665,3.031,3.0519,3.0645,3.0725,3.0818,3.0934,3.1064,3.1198,3.1413,3.1593,3.1643,3.1519
20-09-2018,2.3795,2.5464,2.6696,2.777,2.9884,3.0517,3.0719,3.0788,3.084,3.0937,3.1034,3.1171,3.1286,3.1475,3.1633,3.1675,3.153
21-09-2018,2.3984,2.5459,2.6676,2.7732,2.9795,3.0434,3.0645,3.073,3.0809,3.0898,3.1008,3.1121,3.1247,3.1441,3.1602,3.1656,3.152
24-09-2018,2.3997,2.5465,2.6685,2.7737,2.9872,3.0553,3.0777,3.0878,3.0968,3.1072,3.1189,3.1316,3.1447,3.165,3.1813,3.1867,3.1731
25-09-2018,2.4075,2.5587,2.6841,2.7901,3.0068,3.0761,3.0972,3.1055,3.1119,3.1208,3.1292,3.1409,3.1528,3.1707,3.1855,3.1905,3.1763
26-09-2018,2.4126,2.558,2.6796,2.785,2.9885,3.0492,3.0646,3.0676,3.074,3.081,3.0905,3.1008,3.1124,3.1311,3.147,3.1509,3.1367
27-09-2018,2.4126,2.5789,2.6861,2.789,2.9963,3.0552,3.0692,3.0722,3.0766,3.0844,3.093,3.1034,3.1143,3.1325,3.149,3.1532,3.139
28-09-2018,2.4517,2.5767,2.6827,2.7843,2.9895,3.0495,3.0657,3.0706,3.0766,3.0866,3.0968,3.1084,3.1205,3.1403,3.1573,3.1636,3.1498
01-10-2018,2.4514,2.5746,2.6821,2.7853,2.9923,3.0535,3.072,3.0804,3.0886,3.0995,3.112,3.1242,3.1365,3.159,3.1769,3.185,3.171
02-10-2018,2.4514,2.5803,2.6852,2.7844,2.9855,3.0437,3.062,3.0689,3.0761,3.0858,3.0944,3.1077,3.1196,3.1418,3.1607,3.1683,3.1555
03-10-2018,2.4606,2.5875,2.7021,2.8123,3.0403,3.115,3.1416,3.155,3.1689,3.1831,3.1979,3.213,3.2282,3.2502,3.2696,3.2747,3.262
04-10-2018,2.4632,2.5911,2.7044,2.8132,3.0448,3.1207,3.1469,3.1605,3.1745,3.1894,3.2046,3.2204,3.236,3.2595,3.2782,3.2846,3.272
05-10-2018,2.4616,2.5879,2.703,2.8165,3.0637,3.144,3.1716,3.1868,3.2036,3.2216,3.2394,3.2568,3.2729,3.2978,3.3174,3.3246,3.3129
09-10-2018,2.4742,2.6029,2.7171,2.8295,3.0692,3.146,3.1705,3.1812,3.1946,3.2091,3.2243,3.2389,3.2545,3.2776,3.2954,3.3012,3.2883
10-10-2018,2.4779,2.5988,2.7054,2.8105,3.031,3.0988,3.1193,3.1286,3.1434,3.1588,3.1758,3.1925,3.2087,3.2344,3.2543,3.2655,3.2535
11-10-2018,2.4791,2.6153,2.7242,2.825,3.0408,3.1054,3.1249,3.1332,3.1448,3.1562,3.1695,3.1837,3.199,3.2226,3.2437,3.2516,3.2408
12-10-2018,2.4906,2.6181,2.7254,2.827,3.0431,3.1078,3.128,3.1385,3.1499,3.1616,3.1755,3.1911,3.2055,3.2301,3.2511,3.2594,3.248
15-10-2018,2.4906,2.6302,2.7416,2.8434,3.0559,3.1182,3.1348,3.1423,3.1511,3.1633,3.1768,3.1918,3.2071,3.2315,3.2557,3.2653,3.254
16-10-2018,2.4989,2.6289,2.7407,2.8425,3.0629,3.1313,3.1501,3.1565,3.1672,3.18,3.1939,3.2094,3.225,3.2506,3.27,3.2779,3.2677
17-10-2018,2.5023,2.6432,2.7549,2.8638,3.087,3.1595,3.1814,3.1907,3.2043,3.2182,3.2335,3.2488,3.2667,3.2923,3.3129,3.3213,3.3085
18-10-2018,2.5041,2.6757,2.7877,2.8905,3.1004,3.1591,3.1736,3.1795,3.1906,3.2045,3.2194,3.2339,3.2501,3.2766,3.2981,3.3084,3.2967
19-10-2018,2.5322,2.6848,2.7965,2.8988,3.111,3.173,3.1877,3.1918,3.2023,3.2161,3.2294,3.2458,3.2616,3.2867,3.3095,3.3196,3.309
22-10-2018,2.5322,2.6787,2.7863,2.8886,3.1008,3.1613,3.1793,3.188,3.1984,3.214,3.2281,3.2446,3.2603,3.2878,3.3106,3.3208,3.311
23-10-2018,2.5452,2.6786,2.7818,2.8794,3.0781,3.1332,3.1503,3.1587,3.1707,3.1858,3.201,3.2181,3.2363,3.2652,3.2894,3.3009,3.2914
24-10-2018,2.544,2.6848,2.7783,2.8684,3.0366,3.0737,3.0854,3.0906,3.1032,3.1188,3.1361,3.1551,3.1742,3.2051,3.2338,3.2475,3.2405
25-10-2018,2.565,2.695,2.7933,2.8847,3.0561,3.096,3.1045,3.1056,3.1153,3.129,3.1449,3.1637,3.1823,3.2149,3.2419,3.259,3.2516
26-10-2018,2.565,2.6912,2.7825,2.8671,3.0165,3.0486,3.055,3.0572,3.0674,3.0827,3.1,3.1178,3.1373,3.1698,3.1999,3.2161,3.2107
29-10-2018,2.5828,2.678,2.782,2.8685,3.0255,3.0623,3.0706,3.0735,3.083,3.0983,3.1136,3.1325,3.1518,3.1852,3.2155,3.2312,3.226
30-10-2018,2.5828,2.693,2.7982,2.888,3.0525,3.0913,3.1025,3.1095,3.1212,3.1365,3.1552,3.1725,3.1918,3.2243,3.2537,3.2698,3.263
31-10-2018,2.5962,2.7056,2.8105,2.8993,3.071,3.1116,3.1209,3.1257,3.139,3.1534,3.1712,3.1906,3.2103,3.2446,3.2739,3.2935,3.2875
01-11-2018,2.6154,2.7235,2.8202,2.9027,3.0584,3.0964,3.1051,3.1129,3.1253,3.1409,3.1593,3.1791,3.1991,3.2343,3.2645,3.282,3.277
02-11-2018,2.6389,2.7403,2.8462,2.9361,3.1122,3.158,3.1708,3.1792,3.1938,3.213,3.2322,3.2544,3.2751,3.3096,3.3397,3.3566,3.3507
05-11-2018,2.6468,2.7291,2.8354,2.9253,3.1032,3.1483,3.1621,3.1704,3.1845,3.2032,3.2235,3.2427,3.2631,3.2957,3.3224,3.338,3.3304
06-11-2018,2.6488,2.7335,2.8431,2.9363,3.1217,3.1713,3.1834,3.1914,3.2065,3.2244,3.2448,3.2656,3.2857,3.3177,3.3443,3.3594,3.3513
07-11-2018,2.6476,2.7433,2.8552,2.952,3.1396,3.1879,3.2004,3.2072,3.2208,3.2357,3.2542,3.2721,3.2924,3.3228,3.3478,3.3615,3.3527
08-11-2018,2.6589,2.7579,2.8673,2.9612,3.1503,3.1985,3.2085,3.214,3.2247,3.2386,3.2564,3.2739,3.2924,3.3223,3.3483,3.3601,3.3515
09-11-2018,2.6763,2.754,2.8571,2.9446,3.1194,3.1596,3.167,3.1693,3.1779,3.1919,3.2083,3.2253,3.2436,3.2739,3.2994,3.3131,3.3047
12-11-2018,2.6722,2.7402,2.8571,2.9301,3.099,3.136,3.1425,3.1672,3.1783,3.194,3.2045,3.224,3.2445,3.2739,3.2994,3.312,3.307
13-11-2018,2.6743,2.7435,2.8384,2.9206,3.0801,3.1143,3.1183,3.1199,3.1297,3.1445,3.1623,3.1812,3.2,3.2323,3.2603,3.276,3.2694
14-11-2018,2.6724,2.7488,2.838,2.9155,3.059,3.0894,3.0945,3.0988,3.1111,3.1281,3.1472,3.1677,3.1891,3.2256,3.2571,3.2773,3.2743
15-11-2018,2.6874,2.7608,2.8483,2.9218,3.0544,3.0781,3.0805,3.0839,3.0961,3.1134,3.133,3.1542,3.1768,3.2142,3.2473,3.2685,3.2649
16-11-2018,2.7033,2.7405,2.8169,2.8801,2.9931,3.0127,3.0177,3.0231,3.0383,3.0579,3.0796,3.1027,3.1262,3.1644,3.1984,3.2197,3.2167
19-11-2018,2.7046,2.7373,2.8105,2.873,2.9788,2.9965,3.0049,3.0139,3.0307,3.0509,3.0737,3.0968,3.1216,3.1585,3.1931,3.2163,3.2139
20-11-2018,2.7108,2.7472,2.8203,2.8863,2.9962,3.0175,3.0234,3.032,3.0459,3.0636,3.0839,3.1061,3.1289,3.1657,3.1988,3.2183,3.2158
21-11-2018,2.7108,2.7654,2.8345,2.8968,3.0066,3.0275,3.0321,3.0393,3.052,3.0683,3.0884,3.11,3.1315,3.1683,3.2014,3.222,3.218
22-11-2018,2.7364,2.7649,2.8345,2.8983,3.007,3.026,3.035,3.029,3.05,3.0589,3.087,3.108,3.1227,3.168,3.1935,3.22,3.216
23-11-2018,2.751,2.7747,2.8398,2.8983,2.9975,3.013,3.014,3.016,3.0315,3.0405,3.0631,3.084,3.1047,3.1448,3.1792,3.2022,3.2
26-11-2018,2.751,2.7938,2.8592,2.9135,3.009,3.0253,3.0245,3.0282,3.0388,3.0541,3.0726,3.0941,3.1137,3.1513,3.186,3.2083,3.2051
27-11-2018,2.7668,2.7925,2.8608,2.9149,3.01,3.0228,3.0232,3.028,3.0385,3.0523,3.0699,3.0896,3.1126,3.1475,3.1818,3.201,3.1987
28-11-2018,2.7681,2.7871,2.8496,2.8958,2.9811,2.9921,2.9955,3.0028,3.0149,3.0312,3.0517,3.073,3.0945,3.1334,3.1711,3.194,3.1934
29-11-2018,2.7681,2.8244,2.8712,2.9021,2.9767,2.9819,2.98,2.9824,2.9944,3.0097,3.0284,3.0499,3.0712,3.1109,3.1472,3.1714,3.17
30-11-2018,2.7361,2.8231,2.8686,2.899,2.9642,2.9647,2.9575,2.955,2.9645,2.9767,2.9945,3.0149,3.036,3.0751,3.1139,3.1377,3.1399
03-12-2018,2.7361,2.8432,2.8919,2.9258,2.9896,2.9857,2.9729,2.9643,2.9675,2.9777,2.9916,3.0091,3.0281,3.0664,3.101,3.1229,3.1235
04-12-2018,2.7513,2.828,2.8766,2.9039,2.9608,2.9495,2.934,2.9245,2.9274,2.9322,2.9445,2.9591,2.9776,3.0097,3.0431,3.063,3.061
05-12-2018,2.7389,2.828,2.8766,2.9043,2.961,2.949,2.942,2.9226,2.9235,2.9317,2.943,2.9593,2.9752,3.0101,3.0416,3.061,3.056
06-12-2018,2.7671,2.8379,2.8379,2.8957,2.9299,2.9104,2.8972,2.8902,2.8956,2.9087,2.9263,2.9455,2.9655,3.0006,3.0345,3.0567,3.0545
07-12-2018,2.7711,2.8199,2.8496,2.8583,2.8634,2.828,2.8123,2.8073,2.8151,2.8295,2.848,2.8689,2.8926,2.9324,2.9692,2.9953,2.9968
10-12-2018,2.7759,2.8146,2.836,2.852,2.8576,2.8229,2.8067,2.8032,2.8111,2.8262,2.846,2.8673,2.8898,2.9263,2.9601,2.9823,2.9801
11-12-2018,2.779,2.8253,2.8525,2.8709,2.889,2.86,2.8435,2.8371,2.8436,2.8561,2.8737,2.8939,2.9149,2.9493,2.9809,3.0021,2.9971
12-12-2018,2.7775,2.8252,2.8551,2.8781,2.909,2.889,2.8769,2.8738,2.8794,2.8903,2.9066,2.9257,2.945,2.9782,3.0078,3.0255,3.0211
13-12-2018,2.7775,2.8331,2.8608,2.8808,2.902,2.8769,2.8637,2.86,2.8698,2.8855,2.9054,2.9247,2.9483,2.9829,3.0161,3.0367,3.0333
14-12-2018,2.7882,2.8298,2.8528,2.8699,2.8811,2.8493,2.8363,2.8343,2.8432,2.8596,2.8805,2.9016,2.9237,2.9605,2.9923,3.0145,3.0098
17-12-2018,2.8036,2.8178,2.8338,2.8408,2.8369,2.8071,2.7964,2.7976,2.8091,2.826,2.8484,2.8696,2.8931,2.9295,2.964,2.9847,2.9817
18-12-2018,2.8036,2.79,2.7975,2.7959,2.7791,2.7413,2.7321,2.7349,2.7488,2.7685,2.7923,2.8153,2.8409,2.8791,2.913,2.9346,2.9325
19-12-2018,2.7896,2.8034,2.8088,2.8146,2.7732,2.7181,2.6996,2.6978,2.7029,2.7167,2.7342,2.755,2.7751,2.81,2.8411,2.8567,2.8555
20-12-2018,2.7896,2.8413,2.8487,2.858,2.8261,2.7789,2.7593,2.7611,2.7701,2.7842,2.8007,2.8224,2.8465,2.8844,2.9145,2.941,2.936
21-12-2018,2.8216,2.8318,2.8326,2.8311,2.7842,2.7331,2.7238,2.7287,2.7483,2.7605,2.7829,2.8065,2.8284,2.8664,2.9002,2.9175,2.916
24-12-2018,2.8134,2.8082,2.8045,2.7858,2.6895,2.658,2.647,2.658,2.668,2.6935,2.7116,2.7377,2.762,2.8027,2.8383,2.86,2.859
25-12-2018,2.8134,2.8082,2.8045,2.7858,2.702,2.658,2.648,2.658,2.6704,2.6935,2.7116,2.734,2.8102,2.8027,2.8383,2.858,2.8593
26-12-2018,2.8134,2.8175,2.7949,2.8078,2.7503,2.706,2.7013,2.712,2.7285,2.7494,2.7736,2.7976,2.8238,2.8638,2.8985,2.9193,2.917
27-12-2018,2.8134,2.7785,2.775,2.7679,2.7014,2.6588,2.6529,2.6654,2.6836,2.7069,2.7343,2.761,2.7863,2.8321,2.8715,2.8961,2.896
28-12-2018,2.797,2.7759,2.7656,2.7598,2.669,2.6108,2.5991,2.607,2.6273,2.6538,2.6816,2.7114,2.7402,2.7858,2.8265,2.8526,2.8538
31-12-2018,2.797,2.7805,2.7653,2.7565,2.657,2.59,2.5683,2.57,2.5923,2.6241,2.652,2.683,2.7053,2.7498,2.8005,2.8359,2.8392
01-01-2019,2.8076,2.7805,2.7653,2.7565,2.657,2.5915,2.574,2.57,2.597,2.6241,2.6519,2.6829,2.7053,2.7498,2.8005,2.834,2.838
02-01-2019,2.8076,2.7718,2.7625,2.7514,2.6448,2.567,2.5364,2.5335,2.5467,2.5708,2.5953,2.6231,2.6509,2.7024,2.7495,2.778,2.782
03-01-2019,2.795,2.7447,2.7151,2.694,2.5386,2.448,2.4155,2.4193,2.4426,2.4726,2.5064,2.5407,2.5745,2.6298,2.6794,2.7151,2.7228
04-01-2019,2.8039,2.7783,2.766,2.7546,2.6528,2.5851,2.5654,2.5721,2.5909,2.6135,2.6412,2.6703,2.699,2.7453,2.7902,2.8194,2.8225
07-01-2019,2.7968,2.7733,2.7698,2.7669,2.6882,2.6288,2.6065,2.6087,2.6233,2.6454,2.6701,2.6976,2.7238,2.7675,2.8063,2.8301,2.8308
08-01-2019,2.7968,2.7675,2.7737,2.7791,2.7222,2.6701,2.6484,2.6511,2.6642,2.6836,2.7071,2.732,2.7573,2.7991,2.8332,2.8554,2.8551
09-01-2019,2.7825,2.7785,2.7749,2.7737,2.7043,2.6458,2.6252,2.6282,2.6421,2.6625,2.6863,2.7133,2.7387,2.7816,2.8195,2.8438,2.8425
10-01-2019,2.7969,2.783,2.7817,2.7846,2.7211,2.6646,2.6443,2.6484,2.6643,2.6859,2.7112,2.7378,2.766,2.8121,2.8528,2.8797,2.8815
11-01-2019,2.7969,2.7668,2.7699,2.773,2.6954,2.6345,2.6123,2.6148,2.6243,2.6473,2.6709,2.6974,2.7235,2.7713,2.814,2.8422,2.846
14-01-2019,2.7789,2.7588,2.7608,2.764,2.6956,2.6351,2.6116,2.6149,2.6294,2.6497,2.6732,2.7004,2.7279,2.7775,2.8199,2.8507,2.8535
15-01-2019,2.7734,2.7507,2.7567,2.7611,2.7002,2.6414,2.6188,2.6223,2.6372,2.6592,2.6854,2.713,2.7401,2.7899,2.8336,2.862,2.8675
16-01-2019,2.7803,2.7551,2.7591,2.7627,2.7044,2.6484,2.6271,2.6307,2.6483,2.6717,2.6989,2.7296,2.7566,2.8039,2.8463,2.8751,2.8772
17-01-2019,2.7758,2.7578,2.7646,2.7746,2.7323,2.6812,2.661,2.6654,2.6814,2.7031,2.7297,2.7576,2.7844,2.8281,2.8675,2.8949,2.894
18-01-2019,2.7758,2.7554,2.7723,2.7906,2.7693,2.7265,2.7099,2.7144,2.7291,2.7485,2.7721,2.7968,2.8226,2.8657,2.904,2.929,2.9294
22-01-2019,2.7793,2.7615,2.7684,2.7782,2.7349,2.6823,2.6596,2.6614,2.6765,2.697,2.7209,2.7467,2.773,2.8171,2.8569,2.8822,2.8829
23-01-2019,2.7706,2.7559,2.7666,2.7792,2.7338,2.6795,2.6565,2.658,2.674,2.6951,2.72,2.7457,2.7724,2.8177,2.8598,2.8853,2.8876
24-01-2019,2.7648,2.7507,2.7609,2.7718,2.7153,2.6567,2.6311,2.6335,2.6496,2.6707,2.695,2.7225,2.7496,2.7949,2.8375,2.8647,2.8665
25-01-2019,2.7648,2.7441,2.7616,2.778,2.7459,2.6947,2.6738,2.6805,2.6959,2.7155,2.7379,2.7636,2.7897,2.8333,2.8733,2.9,2.8999
28-01-2019,2.7505,2.741,2.7517,2.7657,2.7299,2.6802,2.6567,2.6599,2.6754,2.6962,2.7206,2.748,2.7735,2.8197,2.8615,2.8885,2.8908
29-01-2019,2.7139,2.7365,2.7469,2.7597,2.7053,2.6487,2.624,2.6269,2.6421,2.6616,2.6859,2.7128,2.7405,2.7867,2.8298,2.8567,2.8591
30-01-2019,2.7058,2.7175,2.7467,2.7257,2.6555,2.5932,2.5729,2.579,2.5985,2.6354,2.6498,2.6799,2.7075,2.7579,2.802,2.8354,2.8383
31-01-2019,2.7081,2.7074,2.6959,2.6919,2.6103,2.5443,2.5233,2.5303,2.5494,2.5736,2.5999,2.6292,2.6583,2.7089,2.7569,2.7911,2.7963
01-02-2019,2.7029,2.7128,2.7075,2.7123,2.6512,2.6017,2.584,2.5912,2.6096,2.6314,2.6573,2.6845,2.7129,2.7615,2.8059,2.8371,2.8404
04-02-2019,2.7043,2.7156,2.716,2.7286,2.68,2.6351,2.618,2.6233,2.6427,2.6662,2.6933,2.7206,2.7492,2.7966,2.8399,2.8695,2.8711
05-02-2019,2.7081,2.7209,2.7214,2.7306,2.6705,2.6168,2.596,2.6016,2.6194,2.6414,2.6687,2.696,2.7243,2.772,2.8159,2.8479,2.8505
06-02-2019,2.7072,2.7251,2.7261,2.7343,2.6703,2.6143,2.5923,2.594,2.6142,2.6372,2.6638,2.6934,2.7224,2.771,2.8173,2.8476,2.852
07-02-2019,2.7079,2.6895,2.6918,2.698,2.6254,2.57,2.5501,2.5567,2.5758,2.5988,2.628,2.6554,2.6843,2.7337,2.778,2.8096,2.8136
08-02-2019,2.6681,2.6846,2.6839,2.69,2.6133,2.5548,2.532,2.5365,2.5545,2.5774,2.6043,2.633,2.6607,2.712,2.7588,2.7915,2.797
11-02-2019,2.6678,2.68,2.684,2.6909,2.6232,2.5686,2.5487,2.5523,2.5707,2.5941,2.6218,2.6502,2.6794,2.7299,2.7736,2.8076,2.813
12-02-2019,2.663,2.687,2.6925,2.7029,2.6421,2.5904,2.5746,2.582,2.6022,2.6258,2.6535,2.6822,2.7109,2.7605,2.8055,2.8389,2.844
13-02-2019,2.663,2.6837,2.6945,2.7119,2.6685,2.6199,2.6012,2.6055,2.6231,2.6446,2.6711,2.699,2.7267,2.7745,2.8207,2.8518,2.8557
14-02-2019,2.6543,2.6886,2.6917,2.7002,2.6373,2.5813,2.5605,2.5631,2.5809,2.6035,2.629,2.658,2.6864,2.7348,2.7812,2.8154,2.821
15-02-2019,2.6643,2.6807,2.688,2.701,2.6484,2.5979,2.577,2.5781,2.5939,2.6143,2.6398,2.6664,2.6938,2.7417,2.7879,2.8202,2.8265
18-02-2019,2.6531,2.6807,2.688,2.7045,2.6518,2.6017,2.5849,2.5853,2.5945,2.6146,2.6398,2.667,2.6986,2.7476,2.7933,2.8217,2.8265
19-02-2019,2.6119,2.6419,2.6516,2.6673,2.6079,2.5542,2.5313,2.5352,2.552,2.5748,2.602,2.6298,2.6591,2.7093,2.7578,2.7927,2.7972
20-02-2019,2.6119,2.6517,2.654,2.6651,2.6087,2.5555,2.5368,2.5415,2.5593,2.5821,2.6092,2.6376,2.6669,2.7195,2.7695,2.8066,2.8134
21-02-2019,2.6347,2.6513,2.6585,2.6739,2.6267,2.5798,2.5647,2.5708,2.5901,2.6135,2.6411,2.6716,2.7012,2.7547,2.8047,2.8431,2.8507
22-02-2019,2.6175,2.6458,2.6508,2.6615,2.5983,2.5446,2.5266,2.5317,2.5519,2.577,2.6048,2.6356,2.6666,2.7219,2.7719,2.8113,2.8189
25-02-2019,2.6096,2.6423,2.6483,2.6606,2.5968,2.5409,2.5238,2.5298,2.551,2.5757,2.6046,2.636,2.668,2.7236,2.775,2.8145,2.8235
26-02-2019,2.6103,2.6323,2.6358,2.6455,2.5697,2.51,2.4937,2.5013,2.5228,2.548,2.5786,2.6098,2.6418,2.6974,2.748,2.7871,2.7952
27-02-2019,2.6832,2.6771,2.6598,2.6601,2.5898,2.5405,2.5248,2.5371,2.5596,2.5885,2.6223,2.6568,2.6895,2.746,2.8014,2.8429,2.852
28-02-2019,2.6845,2.6757,2.6627,2.6686,2.6115,2.5679,2.5565,2.5689,2.5947,2.6253,2.6579,2.6947,2.7277,2.7846,2.8353,2.8755,2.8834
01-03-2019,2.6732,2.6677,2.6647,2.6755,2.6433,2.6045,2.5927,2.6069,2.6314,2.6614,2.6936,2.7273,2.7602,2.8167,2.8695,2.9104,2.9183
04-03-2019,2.6562,2.6777,2.668,2.6778,2.628,2.5832,2.5673,2.5759,2.6013,2.6299,2.6628,2.6957,2.7289,2.7856,2.8389,2.8789,2.8883
05-03-2019,2.6646,2.6814,2.6764,2.6881,2.6497,2.6033,2.5837,2.5889,2.6098,2.6372,2.6678,2.7,2.7308,2.7864,2.8398,2.8795,2.8874
06-03-2019,2.6633,2.6701,2.6646,2.673,2.6241,2.5768,2.558,2.5645,2.5875,2.6141,2.6459,2.6797,2.7112,2.769,2.8216,2.8648,2.8726
07-03-2019,2.6584,2.672,2.6609,2.6615,2.5976,2.5384,2.5142,2.5161,2.5372,2.5639,2.5945,2.6316,2.6606,2.7175,2.7728,2.8152,2.8262
08-03-2019,2.6543,2.6692,2.6557,2.6573,2.5849,2.5264,2.504,2.506,2.5277,2.5535,2.5838,2.6178,2.6499,2.7079,2.761,2.8038,2.8135
11-03-2019,2.6543,2.6778,2.666,2.6681,2.6024,2.5429,2.5176,2.519,2.539,2.565,2.595,2.6284,2.6602,2.7184,2.7742,2.8183,2.8289
12-03-2019,2.6662,2.6637,2.649,2.6487,2.5713,2.5057,2.4771,2.4757,2.496,2.5218,2.5511,2.584,2.6177,2.6763,2.7319,2.7778,2.7891
13-03-2019,2.6496,2.6748,2.6577,2.6571,2.5811,2.5201,2.4951,2.4971,2.5173,2.5401,2.5705,2.6025,2.6349,2.6926,2.749,2.793,2.8055
14-03-2019,2.6727,2.6762,2.6575,2.6545,2.5752,2.5154,2.4891,2.4965,2.5175,2.5441,2.5769,2.6093,2.6428,2.7047,2.7613,2.808,2.8201
15-03-2019,2.6727,2.68,2.6586,2.6526,2.5595,2.4897,2.4637,2.4642,2.4841,2.51,2.5403,2.5728,2.6067,2.6652,2.7234,2.7708,2.7835
18-03-2019,2.6911,2.6907,2.6645,2.6618,2.5692,2.5009,2.4756,2.4775,2.4961,2.5226,2.5537,2.5874,2.622,2.6776,2.7351,2.7805,2.7931
19-03-2019,2.6911,2.6767,2.6573,2.6563,2.574,2.508,2.482,2.4817,2.5008,2.5267,2.5556,2.5888,2.6212,2.6774,2.7332,2.777,2.788
20-03-2019,2.6637,2.6651,2.6398,2.6265,2.5057,2.4252,2.3957,2.3952,2.4143,2.4397,2.4713,2.5046,2.5375,2.5983,2.6606,2.7106,2.726
21-03-2019,2.6593,2.6618,2.6367,2.6243,2.504,2.4279,2.3944,2.3949,2.412,2.4371,2.467,2.499,2.5318,2.5919,2.6512,2.6983,2.7151
22-03-2019,2.6679,2.6515,2.5967,2.5712,2.4031,2.3134,2.2845,2.288,2.3051,2.3281,2.3585,2.3903,2.4233,2.4842,2.5442,2.5974,2.6139
25-03-2019,2.6667,2.6296,2.5713,2.5175,2.3207,2.2244,2.1952,2.2004,2.222,2.2502,2.2841,2.3197,2.3554,2.4216,2.4884,2.5459,2.568
26-03-2019,2.6667,2.6268,2.574,2.5386,2.3526,2.26,2.2344,2.2407,2.2601,2.2862,2.3173,2.3522,2.3858,2.4463,2.5126,2.5646,2.5837
27-03-2019,2.6594,2.6184,2.5538,2.5089,2.3123,2.2199,2.1925,2.1986,2.2193,2.2455,2.2756,2.3097,2.3424,2.404,2.466,2.5185,2.5364
28-03-2019,2.6594,2.6066,2.5679,2.5294,2.3533,2.2717,2.2473,2.2533,2.2744,2.2986,2.327,2.3599,2.3918,2.4484,2.5058,2.5565,2.571
29-03-2019,2.6286,2.6156,2.579,2.5435,2.3824,2.3052,2.2815,2.2853,2.3015,2.324,2.35,2.3793,2.4085,2.4626,2.5191,2.564,2.5786
01-04-2019,2.6243,2.6257,2.6017,2.5787,2.4522,2.3865,2.3661,2.3704,2.3921,2.4175,2.4443,2.4726,2.5019,2.5526,2.6035,2.6456,2.6576
02-04-2019,2.631,2.627,2.5963,2.5665,2.4236,2.3494,2.328,2.3342,2.3551,2.3791,2.4062,2.435,2.4641,2.517,2.5705,2.6177,2.6298
03-04-2019,2.6266,2.627,2.6046,2.5776,2.4494,2.3774,2.3588,2.3676,2.3908,2.4168,2.4455,2.4757,2.5051,2.5595,2.6142,2.662,2.6752
04-04-2019,2.6266,2.6201,2.5984,2.5756,2.4451,2.3731,2.3535,2.3627,2.385,2.4089,2.4377,2.4687,2.4994,2.5536,2.6068,2.6551,2.6679
05-04-2019,2.6209,2.6237,2.6031,2.5793,2.4444,2.3689,2.3436,2.3465,2.3685,2.3932,2.4224,2.452,2.4815,2.5363,2.5933,2.6417,2.6559
08-04-2019,2.6127,2.6197,2.6045,2.5815,2.4576,2.387,2.3642,2.3679,2.3904,2.4175,2.447,2.4776,2.5082,2.5636,2.6188,2.6675,2.6816
09-04-2019,2.6099,2.6117,2.5938,2.571,2.4384,2.3628,2.3386,2.3426,2.3655,2.3931,2.4224,2.456,2.4863,2.5427,2.6008,2.6531,2.667
10-04-2019,2.6099,2.6233,2.5988,2.5685,2.4163,2.3301,2.3027,2.3029,2.3261,2.3518,2.3824,2.4142,2.4465,2.5053,2.5645,2.6172,2.6352
11-04-2019,2.6256,2.6241,2.6075,2.5825,2.4445,2.364,2.3375,2.3415,2.3622,2.3883,2.4189,2.4513,2.4816,2.5397,2.5982,2.6519,2.6689
12-04-2019,2.6299,2.6339,2.6225,2.6075,2.4957,2.4289,2.4055,2.4113,2.4321,2.458,2.488,2.5184,2.5487,2.6043,2.6587,2.7082,2.7245
15-04-2019,2.6299,2.6268,2.6198,2.6045,2.4923,2.4271,2.4033,2.4086,2.4291,2.4555,2.4851,2.5152,2.5463,2.6019,2.6608,2.71,2.726
16-04-2019,2.6168,2.6345,2.6256,2.6127,2.5101,2.4518,2.4326,2.4413,2.4633,2.4899,2.5194,2.5505,2.5814,2.6356,2.6928,2.7411,2.7556
17-04-2019,2.6298,2.6301,2.6225,2.606,2.5032,2.4453,2.4296,2.4406,2.4642,2.4921,2.5234,2.5554,2.5871,2.6414,2.6995,2.7488,2.7635
18-04-2019,2.6203,2.625,2.6164,2.599,2.4795,2.4168,2.3978,2.4035,2.4303,2.4584,2.4895,2.5215,2.5535,2.6084,2.6659,2.7162,2.7292
19-04-2019,2.6098,2.625,2.6164,2.5975,2.4801,2.417,2.3999,2.407,2.4303,2.4584,2.4894,2.5209,2.5535,2.6084,2.6659,2.7155,2.731
22-04-2019,2.6098,2.6161,2.6033,2.5836,2.4731,2.4174,2.4032,2.4178,2.4449,2.4749,2.5064,2.5407,2.5733,2.6303,2.6886,2.7375,2.7526
23-04-2019,2.6089,2.6109,2.5948,2.5716,2.4534,2.3936,2.3775,2.3909,2.4172,2.4481,2.4806,2.5157,2.5483,2.6071,2.6666,2.7186,2.7359
24-04-2019,2.6151,2.5997,2.5758,2.5463,2.4121,2.3456,2.3315,2.3443,2.3708,2.4015,2.4353,2.4704,2.5036,2.5624,2.6221,2.6744,2.692
25-04-2019,2.6111,2.6067,2.5881,2.5615,2.4308,2.3641,2.3509,2.3652,2.3913,2.4218,2.455,2.4888,2.5215,2.5797,2.6391,2.6914,2.708
26-04-2019,2.6111,2.5978,2.57,2.5376,2.3896,2.3207,2.3066,2.3226,2.3495,2.3822,2.4166,2.4517,2.4865,2.5474,2.6095,2.6652,2.6834
29-04-2019,2.6363,2.6098,2.5797,2.5391,2.399,2.3363,2.327,2.3444,2.3736,2.4055,2.442,2.4764,2.5108,2.5716,2.6345,2.6898,2.7081
30-04-2019,2.6329,2.6042,2.5724,2.5301,2.3813,2.3162,2.3051,2.3201,2.3502,2.3837,2.4198,2.4557,2.49,2.5502,2.6125,2.6672,2.6863
01-05-2019,2.6315,2.6161,2.5771,2.5584,2.4283,2.3637,2.3449,2.3536,2.3759,2.4035,2.434,2.4664,2.4983,2.5552,2.6134,2.6653,2.6819
02-05-2019,2.6327,2.6147,2.5992,2.5698,2.4559,2.3957,2.3816,2.3927,2.4155,2.4418,2.4712,2.5021,2.5332,2.5865,2.6417,2.6899,2.704
03-05-2019,2.6168,2.6102,2.5937,2.5616,2.4446,2.3818,2.3626,2.3718,2.3945,2.4205,2.4517,2.4819,2.5122,2.5659,2.621,2.6674,2.6819
06-05-2019,2.6168,2.6011,2.578,2.5386,2.3983,2.3253,2.3051,2.3102,2.3322,2.3574,2.3906,2.429,2.4518,2.5124,2.5671,2.6182,2.6335
07-05-2019,2.6189,2.5961,2.5713,2.5286,2.3871,2.3136,2.2918,2.2996,2.3212,2.3484,2.3795,2.4099,2.4401,2.4958,2.5523,2.6018,2.6173
08-05-2019,2.6177,2.5871,2.5668,2.5273,2.3945,2.3296,2.3113,2.321,2.3436,2.3711,2.402,2.4337,2.4655,2.519,2.5754,2.6253,2.6422
09-05-2019,2.6017,2.5717,2.546,2.5024,2.3607,2.2936,2.2753,2.2859,2.3077,2.3341,2.3645,2.3968,2.4273,2.4825,2.539,2.5885,2.6047
10-05-2019,2.5841,2.5662,2.5376,2.501,2.3679,2.3067,2.2926,2.3045,2.3278,2.356,2.388,2.4205,2.452,2.5069,2.5631,2.6139,2.6288
13-05-2019,2.5841,2.5287,2.4878,2.4311,2.2694,2.207,2.197,2.2142,2.2405,2.2712,2.3045,2.3392,2.3723,2.4289,2.488,2.5394,2.5555
14-05-2019,2.5806,2.538,2.4967,2.4399,2.275,2.2103,2.1973,2.2116,2.2402,2.2719,2.306,2.3412,2.375,2.4334,2.4945,2.5468,2.5647
15-05-2019,2.58,2.5318,2.4846,2.419,2.236,2.1647,2.151,2.1664,2.1928,2.2251,2.2597,2.295,2.3294,2.39,2.4531,2.5088,2.5275
16-05-2019,2.5756,2.5355,2.4926,2.433,2.2595,2.1871,2.1718,2.1857,2.2128,2.2454,2.2805,2.3162,2.3497,2.41,2.4719,2.5267,2.545
17-05-2019,2.5779,2.5377,2.4951,2.434,2.2609,2.188,2.1731,2.1865,2.2125,2.2437,2.2772,2.3114,2.3451,2.4044,2.4658,2.5204,2.5378
20-05-2019,2.5795,2.5456,2.5072,2.4477,2.2808,2.2133,2.2,2.214,2.2395,2.2694,2.3018,2.3357,2.3686,2.426,2.4854,2.5378,2.5542
21-05-2019,2.5796,2.5564,2.5239,2.467,2.3075,2.2383,2.2227,2.2334,2.2566,2.285,2.3163,2.3487,2.3806,2.4371,2.4965,2.5482,2.5642
22-05-2019,2.579,2.5574,2.52,2.4576,2.2784,2.2013,2.1818,2.1904,2.2126,2.2403,2.2706,2.3031,2.335,2.3923,2.4521,2.5051,2.522
23-05-2019,2.5766,2.53,2.4758,2.4,2.1993,2.1268,2.11,2.1208,2.1442,2.1722,2.2042,2.2374,2.2696,2.3286,2.3902,2.4452,2.463
24-05-2019,2.581,2.5379,2.485,2.4065,2.2,2.123,2.107,2.1173,2.139,2.1695,2.2014,2.235,2.2673,2.326,2.389,2.4421,2.4605
28-05-2019,2.5798,2.5306,2.4685,2.3845,2.1586,2.0772,2.0564,2.0643,2.0885,2.1178,2.1509,2.1861,2.2191,2.2798,2.3429,2.3992,2.4176
29-05-2019,2.5498,2.5102,2.4399,2.3705,2.1537,2.0763,2.0595,2.0685,2.091,2.119,2.1505,2.1832,2.2159,2.2749,2.3375,2.3932,2.411
30-05-2019,2.5763,2.4968,2.425,2.343,2.109,2.0275,2.0118,2.023,2.047,2.0755,2.1077,2.1412,2.174,2.2324,2.2941,2.3489,2.3664
31-05-2019,2.5763,2.4367,2.3637,2.238,1.9792,1.9028,1.8959,1.916,1.945,1.977,2.0122,2.0487,2.0833,2.1451,2.2099,2.2666,2.286
03-06-2019,2.5581,2.3608,2.2863,2.1333,1.8735,1.8017,1.8035,1.8329,1.8695,1.9086,1.949,1.989,2.027,2.0925,2.1595,2.22,2.2405
04-06-2019,2.5294,2.3705,2.2771,2.1599,1.9254,1.8642,1.8713,1.9039,1.9415,1.9828,2.0231,2.0631,2.1022,2.1671,2.2373,2.299,2.3208
05-06-2019,2.5254,2.3542,2.2365,2.1396,1.91,1.8507,1.8579,1.8921,1.9372,1.9845,2.0305,2.0748,2.1172,2.1894,2.264,2.332,2.357
06-06-2019,2.5266,2.345,2.2304,2.1485,1.9385,1.8832,1.8845,1.9114,1.951,1.991,2.0321,2.0723,2.1108,2.1777,2.2475,2.3105,2.3328
07-06-2019,2.5051,2.3213,2.2087,2.1182,1.9205,1.8663,1.864,1.8872,1.922,1.9592,1.9988,2.0367,2.0749,2.1422,2.213,2.2774,2.3006
10-06-2019,2.5051,2.3383,2.2436,2.1623,1.9719,1.9203,1.9177,1.9399,1.9748,2.012,2.0517,2.0903,2.1278,2.1948,2.265,2.3284,2.3511
11-06-2019,2.4899,2.3604,2.267,2.1855,1.9835,1.9194,1.9108,1.9288,1.9625,1.9993,2.038,2.0764,2.1136,2.1785,2.2469,2.3084,2.3292
12-06-2019,2.5028,2.3272,2.2277,2.1432,1.9271,1.8589,1.855,1.8776,1.9154,1.9564,1.9987,2.0404,2.0805,2.1492,2.221,2.2864,2.3098
13-06-2019,2.4818,2.2808,2.1925,2.0815,1.8619,1.7991,1.7994,1.8275,1.8672,1.9103,1.9546,1.9974,2.039,2.1088,2.1824,2.2485,2.2725
14-06-2019,2.4554,2.2814,2.1768,2.0836,1.8585,1.791,1.7871,1.8114,1.8485,1.888,1.93,1.9715,2.0115,2.0805,2.1538,2.22,2.2447
17-06-2019,2.4554,2.3054,2.2082,2.12,1.9035,1.8378,1.8308,1.851,1.8846,1.9231,1.9634,2.0031,2.0415,2.1077,2.1771,2.2397,2.2616
18-06-2019,2.4722,2.2895,2.2006,2.1179,1.901,1.827,1.8107,1.8224,1.854,1.8895,1.9257,1.9636,2.0014,2.0676,2.1374,2.2,2.2229
19-06-2019,2.438,2.2232,2.2077,1.9989,1.7644,1.7053,1.7079,1.739,1.781,1.8255,1.8715,1.916,1.959,2.0308,2.1058,2.1739,2.1998
20-06-2019,2.4392,2.2017,2.069,2.0097,1.8015,1.7458,1.743,1.7668,1.8035,1.8434,1.8862,1.9287,1.9697,2.0394,2.1131,2.1806,2.2057
21-06-2019,2.4015,2.1984,2.1008,2.0025,1.789,1.7345,1.7385,1.7686,1.81,1.8543,1.9,1.9453,1.988,2.0613,2.1386,2.2092,2.2364
24-06-2019,2.4015,2.173,2.0604,1.9623,1.7396,1.686,1.6927,1.725,1.7672,1.8111,1.8566,1.9012,1.9436,2.0157,2.0911,2.16,2.1864
25-06-2019,2.3847,2.1703,2.0419,1.9604,1.7319,1.671,1.6691,1.6953,1.7347,1.7775,1.8221,1.8663,1.9085,1.9806,2.0568,2.127,2.1534
26-06-2019,2.3615,2.2039,2.1023,2.016,1.8,1.7407,1.7404,1.7678,1.8078,1.85,1.8937,1.9367,1.978,2.0496,2.1249,2.1941,2.2207
27-06-2019,2.3817,2.2031,2.0985,2.0015,1.7839,1.7246,1.7242,1.7513,1.7891,1.8296,1.8721,1.9145,1.9548,2.0249,2.0989,2.1672,2.1928
28-06-2019,2.3714,2.2112,2.1101,2.016,1.8051,1.7431,1.7405,1.765,1.8015,1.841,1.8827,1.924,1.964,2.0346,2.1085,2.1772,2.2037
01-07-2019,2.3714,2.2417,2.1484,2.0589,1.8452,1.7799,1.771,1.7907,1.8263,1.865,1.9063,1.947,1.9865,2.057,2.1314,2.2,2.226
02-07-2019,2.3826,2.2196,2.1192,2.0262,1.8075,1.7359,1.7216,1.7375,1.7723,1.8108,1.8515,1.8927,1.9327,2.0037,2.0783,2.1477,2.1744
03-07-2019,2.3633,2.2015,2.1077,2.018,1.7995,1.7265,1.7089,1.7195,1.751,1.7864,1.825,1.865,1.904,1.9739,2.0478,2.1165,2.1427
04-07-2019,2.3394,2.2015,2.1077,2.018,1.7978,1.722,1.7135,1.719,1.751,1.786,1.825,1.864,1.903,1.9759,2.047,2.116,2.14
05-07-2019,2.3627,2.2499,2.1733,2.0965,1.9042,1.8307,1.8089,1.817,1.8449,1.8779,1.9142,1.9511,1.987,2.0546,2.1265,2.1928,2.2182
08-07-2019,2.3627,2.2704,2.1853,2.1109,1.9168,1.8446,1.8217,1.829,1.8549,1.8854,1.9192,1.9559,1.9909,2.0533,2.1206,2.1839,2.2064
09-07-2019,2.3928,2.2801,2.1976,2.121,1.9331,1.8636,1.8425,1.8499,1.874,1.9021,1.935,1.9693,2.003,2.0661,2.1321,2.1942,2.2163
10-07-2019,2.3898,2.2486,2.1485,2.0631,1.8708,1.8112,1.8008,1.8191,1.852,1.8896,1.9292,1.9698,2.0097,2.0792,2.1528,2.2222,2.2481
11-07-2019,2.3915,2.234,2.1495,2.0739,1.9033,1.8595,1.859,1.8836,1.9204,1.9618,2.004,2.046,2.0864,2.155,2.2268,2.294,2.3193
12-07-2019,2.3546,2.2359,2.1432,2.0608,1.8823,1.837,1.838,1.8638,1.9008,1.9401,1.9825,2.0242,2.065,2.1331,2.2039,2.2711,2.2957
15-07-2019,2.3739,2.2179,2.1281,2.0447,1.8593,1.8102,1.8062,1.8273,1.8631,1.9025,1.9439,1.9851,2.025,2.0927,2.164,2.2319,2.257
16-07-2019,2.3507,2.2209,2.1385,2.0547,1.8799,1.8327,1.8291,1.85,1.884,1.9211,1.9608,2.0005,2.039,2.1035,2.1717,2.236,2.2591
17-07-2019,2.3526,2.2227,2.1393,2.039,1.8412,1.7853,1.7777,1.7962,1.828,1.8639,1.9025,1.9414,1.9791,2.0434,2.1114,2.1759,2.1993
18-07-2019,2.3537,2.1784,2.1215,1.9795,1.781,1.7291,1.7267,1.75,1.7865,1.8261,1.8682,1.9099,1.95,2.0192,2.0931,2.1632,2.1902
19-07-2019,2.3282,2.2122,2.1134,2.0384,1.8459,1.7871,1.781,1.7995,1.8334,1.8705,1.9105,1.9502,1.9888,2.0555,2.1263,2.1933,2.2181
22-07-2019,2.3096,2.2314,2.1342,2.0457,1.8411,1.7792,1.772,1.7902,1.824,1.8615,1.9016,1.9414,1.9801,2.0468,2.1172,2.1845,2.2101
23-07-2019,2.3261,2.2337,2.1434,2.0605,1.8659,1.8061,1.799,1.8189,1.853,1.8915,1.932,1.9724,2.012,2.0791,2.1501,2.2182,2.2438
24-07-2019,2.325,2.2301,2.1361,2.0506,1.8505,1.7871,1.774,1.788,1.8195,1.855,1.8935,1.9325,1.971,2.0374,2.1078,2.1753,2.2006
25-07-2019,2.317,2.2435,2.1561,2.076,1.885,1.8229,1.811,1.8237,1.8531,1.8861,1.923,1.9605,1.9969,2.062,2.132,2.199,2.2245
26-07-2019,2.3059,2.2532,2.1668,2.0873,1.8953,1.8301,1.8136,1.8236,1.853,1.8864,1.9232,1.9609,1.9978,2.0627,2.132,2.1986,2.2234
29-07-2019,2.3161,2.2396,2.1443,2.072,1.8823,1.8185,1.8032,1.8152,1.843,1.8748,1.9098,1.9466,1.9833,2.0481,2.1171,2.1846,2.21
30-07-2019,2.3032,2.2357,2.1438,2.0672,1.8783,1.8149,1.7985,1.8089,1.8351,1.866,1.9015,1.9369,1.9729,2.0367,2.1056,2.1729,2.198
31-07-2019,2.3021,2.2625,2.1296,2.1017,1.9111,1.8319,1.8035,1.8032,1.822,1.8488,1.8795,1.9118,1.9455,2.0049,2.0694,2.1325,2.1555
01-08-2019,2.316,2.2454,2.155,1.9935,1.7674,1.6841,1.6568,1.6594,1.682,1.7116,1.7451,1.7806,1.8168,1.8836,1.9568,2.0275,2.0558
02-08-2019,2.3376,2.1675,2.0466,1.959,1.7362,1.6554,1.6267,1.6267,1.6455,1.6712,1.7024,1.7348,1.7683,1.8316,1.9002,1.9682,1.994
05-08-2019,2.289,2.0812,1.9453,1.824,1.5683,1.4805,1.4489,1.4455,1.4639,1.49,1.5215,1.555,1.5894,1.653,1.7235,1.7934,1.8205
06-08-2019,2.2581,2.0824,1.9413,1.836,1.5869,1.496,1.4632,1.4608,1.479,1.5049,1.5363,1.5695,1.6037,1.6676,1.7376,1.8066,1.8342
07-08-2019,2.2315,2.055,1.8931,1.8244,1.5895,1.5011,1.4709,1.4701,1.4869,1.5113,1.541,1.5728,1.6058,1.6669,1.7337,1.7997,1.8251
08-08-2019,2.2295,2.0804,1.939,1.8401,1.5996,1.5087,1.4755,1.4715,1.486,1.5062,1.5333,1.5631,1.594,1.6495,1.712,1.775,1.7984
09-08-2019,2.224,2.0897,1.9446,1.862,1.6362,1.5497,1.5154,1.5105,1.523,1.544,1.5705,1.6,1.6304,1.686,1.7494,1.8137,1.838
12-08-2019,2.2236,2.061,1.92,1.8167,1.5727,1.4779,1.4385,1.4284,1.4383,1.456,1.4803,1.5072,1.5362,1.5873,1.645,1.7049,1.7269
13-08-2019,2.2236,2.0868,1.9647,1.8742,1.658,1.5736,1.5369,1.5253,1.5295,1.5402,1.5582,1.5802,1.604,1.6478,1.6985,1.752,1.7702
14-08-2019,2.205,2.059,1.9146,1.815,1.58,1.4873,1.4444,1.4253,1.4219,1.424,1.4357,1.4524,1.4713,1.508,1.5523,1.6018,1.6174
15-08-2019,2.2166,2.0018,1.8543,1.7446,1.5015,1.4136,1.377,1.3629,1.3605,1.3661,1.3781,1.3948,1.4138,1.4505,1.4945,1.544,1.5597
16-08-2019,2.1709,2.0105,1.8631,1.7487,1.5016,1.4107,1.3775,1.368,1.3725,1.3845,1.4014,1.4221,1.4454,1.487,1.5382,1.594,1.6144
19-08-2019,2.1833,2.0422,1.896,1.7981,1.5595,1.4699,1.436,1.426,1.4305,1.4437,1.4608,1.4817,1.505,1.5463,1.5961,1.651,1.6714
20-08-2019,2.1973,2.0238,1.8727,1.767,1.5242,1.4324,1.397,1.3857,1.3895,1.4,1.4165,1.4365,1.4589,1.5008,1.5517,1.609,1.6304
21-08-2019,2.1943,2.0529,1.9069,1.814,1.5717,1.4758,1.4358,1.4193,1.4224,1.4342,1.4518,1.473,1.4954,1.5386,1.5905,1.6482,1.67
22-08-2019,2.1954,2.0615,1.9248,1.8396,1.6102,1.5137,1.4721,1.4542,1.4584,1.4696,1.4873,1.509,1.5315,1.5759,1.6294,1.6876,1.7103
23-08-2019,2.1791,2.0298,1.8737,1.774,1.5263,1.4267,1.3835,1.366,1.372,1.3854,1.4045,1.4266,1.4504,1.4952,1.5478,1.6055,1.628
26-08-2019,2.1915,2.0503,1.895,1.7923,1.5331,1.4279,1.3845,1.368,1.3749,1.3883,1.4082,1.4309,1.4557,1.5024,1.557,1.617,1.6402
27-08-2019,2.192,2.034,1.8763,1.7712,1.5015,1.39,1.3423,1.3208,1.3215,1.3295,1.3447,1.3635,1.3847,1.4264,1.4764,1.5317,1.552
28-08-2019,2.1719,2.0387,1.8801,1.7728,1.494,1.3776,1.3295,1.31,1.311,1.3202,1.3366,1.3567,1.3794,1.4222,1.475,1.5325,1.5565
29-08-2019,2.1554,2.0347,1.9005,1.7928,1.518,1.4006,1.3535,1.3345,1.3326,1.3392,1.3533,1.372,1.3918,1.4303,1.4778,1.53,1.5492
30-08-2019,2.1614,2.0402,1.9042,1.7935,1.5142,1.3945,1.342,1.3185,1.318,1.3263,1.3417,1.361,1.3817,1.4209,1.4675,1.5195,1.5378
02-09-2019,2.1564,2.0402,1.9042,1.7935,1.508,1.397,1.342,1.3182,1.318,1.328,1.342,1.363,1.382,1.4219,1.4715,1.519,1.537
03-09-2019,2.1503,2.004,1.8519,1.7285,1.4429,1.3279,1.2798,1.2615,1.2635,1.274,1.2914,1.3122,1.3352,1.3792,1.4319,1.4888,1.5112
04-09-2019,2.1503,1.9956,1.8373,1.7158,1.4269,1.312,1.268,1.2544,1.262,1.2785,1.3008,1.326,1.3524,1.399,1.4535,1.5125,1.536
05-09-2019,2.1359,2.0198,1.8812,1.768,1.5119,1.4095,1.368,1.3552,1.3605,1.376,1.3975,1.4217,1.4471,1.4928,1.547,1.6051,1.6285
06-09-2019,2.1255,2.0399,1.8963,1.7855,1.528,1.4229,1.38,1.3661,1.37,1.3818,1.4002,1.4229,1.4458,1.4867,1.5347,1.5883,1.608
09-09-2019,2.1621,2.0572,1.9255,1.83,1.5913,1.4926,1.4515,1.4385,1.446,1.462,1.4837,1.5083,1.5336,1.5785,1.6307,1.6875,1.7093
10-09-2019,2.1553,2.0735,1.9493,1.8729,1.6708,1.5816,1.5412,1.5279,1.5353,1.551,1.5719,1.596,1.621,1.6656,1.717,1.774,1.7958
11-09-2019,2.1509,2.0672,1.9492,1.8633,1.6612,1.5747,1.537,1.5265,1.5348,1.5514,1.5728,1.5973,1.6228,1.6668,1.7176,1.7732,1.7942
12-09-2019,2.142,2.0803,1.9745,1.894,1.7036,1.6186,1.5805,1.5682,1.5738,1.5882,1.6078,1.631,1.6552,1.6988,1.7497,1.8051,1.8268
13-09-2019,2.142,2.1268,2.0289,1.955,1.7885,1.7199,1.6915,1.6861,1.6964,1.7133,1.7345,1.7594,1.7855,1.8283,1.8784,1.9333,1.9535
16-09-2019,2.169,2.1242,2.0159,1.9315,1.7371,1.661,1.6341,1.6315,1.641,1.6567,1.6776,1.7019,1.7272,1.7695,1.8185,1.873,1.893
17-09-2019,2.169,2.1227,2.007,1.9195,1.7231,1.6432,1.6107,1.6032,1.6095,1.6227,1.6418,1.6646,1.688,1.7288,1.7765,1.8291,1.8486
18-09-2019,2.1798,2.1266,1.9816,1.927,1.7271,1.6434,1.6095,1.5995,1.6028,1.6123,1.6283,1.6485,1.6695,1.7045,1.7461,1.7927,1.8082
19-09-2019,2.1829,2.1093,1.9957,1.9128,1.7124,1.6294,1.5962,1.588,1.591,1.6012,1.6175,1.6377,1.6582,1.6946,1.737,1.784,1.8
20-09-2019,2.1829,2.0825,1.9808,1.8875,1.6821,1.5945,1.5564,1.5435,1.5447,1.5537,1.569,1.5883,1.6078,1.6433,1.684,1.7294,1.7441
23-09-2019,2.1578,2.0514,1.9486,1.8705,1.672,1.5889,1.5552,1.5452,1.546,1.5535,1.5686,1.5873,1.6072,1.6431,1.6855,1.7315,1.747
24-09-2019,2.1362,2.045,1.9276,1.8225,1.6008,1.5091,1.4725,1.4607,1.4595,1.4655,1.4795,1.4977,1.5169,1.5539,1.598,1.6465,1.6639
25-09-2019,2.1365,2.058,1.9438,1.8641,1.668,1.5838,1.55,1.54,1.542,1.551,1.567,1.5865,1.6072,1.6427,1.686,1.7327,1.7485
26-09-2019,2.1511,2.049,1.932,1.8519,1.6525,1.5666,1.5282,1.5138,1.5122,1.518,1.532,1.5499,1.5697,1.6056,1.6493,1.6968,1.7133
27-09-2019,2.1448,2.0392,1.9183,1.8375,1.6438,1.5602,1.5251,1.5138,1.5136,1.521,1.5353,1.5537,1.5731,1.6092,1.6525,1.6991,1.7156
30-09-2019,2.1453,2.03,1.9078,1.827,1.6327,1.5506,1.5145,1.5015,1.5023,1.51,1.525,1.5438,1.5638,1.601,1.6444,1.6925,1.7088
01-10-2019,2.135,2.0019,1.8691,1.7781,1.5723,1.4938,1.4631,1.4564,1.4621,1.4765,1.4968,1.5191,1.5406,1.5802,1.6255,1.6746,1.6913
02-10-2019,2.134,1.9538,1.8169,1.7265,1.5222,1.4407,1.4092,1.404,1.4146,1.4328,1.4548,1.4802,1.5068,1.5524,1.6048,1.662,1.6825
03-10-2019,2.1021,1.9116,1.7542,1.6515,1.4278,1.3498,1.3249,1.3252,1.339,1.3584,1.3837,1.4104,1.4386,1.4842,1.5382,1.5937,1.6171
04-10-2019,2.0885,1.919,1.7686,1.672,1.4584,1.3799,1.3455,1.3397,1.3526,1.3707,1.3951,1.4198,1.4472,1.4921,1.543,1.5986,1.6188
07-10-2019,2.072,1.9169,1.7825,1.6934,1.4934,1.4185,1.3878,1.3798,1.3897,1.4065,1.4287,1.4535,1.4792,1.5242,1.576,1.6306,1.6517
08-10-2019,2.0542,1.8888,1.758,1.66,1.4484,1.3675,1.3378,1.3325,1.3441,1.362,1.3862,1.4125,1.4395,1.4865,1.5401,1.597,1.6189
09-10-2019,2.0532,1.8873,1.7675,1.6871,1.4972,1.4222,1.394,1.3889,1.4005,1.4181,1.4419,1.4683,1.4948,1.5426,1.5967,1.6541,1.6764
10-10-2019,2.0303,1.9081,1.8059,1.737,1.573,1.504,1.4751,1.47,1.483,1.5023,1.5269,1.5538,1.581,1.6275,1.6807,1.737,1.7576
11-10-2019,2.0303,1.9329,1.8484,1.7847,1.6425,1.5806,1.5543,1.5499,1.5612,1.5792,1.6018,1.628,1.6535,1.6962,1.7454,1.7962,1.8147
14-10-2019,2.0453,1.9329,1.8484,1.7847,1.6425,1.577,1.55,1.5499,1.5612,1.577,1.5995,1.628,1.6533,1.695,1.7453,1.7956,1.8157
15-10-2019,2.0466,1.9352,1.8553,1.801,1.6701,1.6195,1.5977,1.5957,1.6075,1.6249,1.6484,1.6744,1.7005,1.7437,1.7935,1.8443,1.8622
16-10-2019,2.0463,1.9208,1.8294,1.7675,1.6285,1.5769,1.5567,1.5558,1.5682,1.5868,1.6109,1.6377,1.665,1.7125,1.7665,1.8219,1.8425
17-10-2019,2.0478,1.903,1.8172,1.7655,1.6384,1.59,1.571,1.5701,1.5825,1.6007,1.6245,1.6513,1.678,1.7255,1.7786,1.8345,1.8545
18-10-2019,2.0096,1.8816,1.7975,1.742,1.6172,1.5731,1.5598,1.5643,1.5807,1.6032,1.6306,1.66,1.6896,1.7395,1.7958,1.8536,1.8749
21-10-2019,1.9967,1.8841,1.8104,1.763,1.6475,1.6089,1.5975,1.6036,1.6222,1.6466,1.6768,1.7077,1.737,1.7877,1.8435,1.9012,1.9222
22-10-2019,1.979,1.8775,1.7935,1.738,1.6145,1.5749,1.5635,1.5702,1.5857,1.6074,1.6345,1.6638,1.6929,1.7432,1.7996,1.8577,1.8795
23-10-2019,1.9818,1.8805,1.7991,1.7456,1.6222,1.5818,1.5697,1.5744,1.5885,1.6082,1.6337,1.6617,1.6895,1.7392,1.794,1.8514,1.8724
24-10-2019,1.9786,1.8785,1.7931,1.7369,1.6128,1.5722,1.5607,1.5657,1.5821,1.6037,1.6308,1.6603,1.6894,1.7402,1.7969,1.8547,1.8765
25-10-2019,1.971,1.8855,1.8123,1.7645,1.6503,1.6085,1.5907,1.591,1.6057,1.6274,1.654,1.683,1.712,1.7622,1.8188,1.8767,1.898
28-10-2019,1.9785,1.8915,1.8197,1.7745,1.6722,1.6375,1.6267,1.632,1.6495,1.6726,1.7003,1.7301,1.7602,1.8108,1.867,1.9246,1.9459
29-10-2019,1.97,1.8725,1.8144,1.766,1.6692,1.6352,1.623,1.6272,1.6445,1.6672,1.6948,1.7247,1.7545,1.805,1.8612,1.9188,1.9405
30-10-2019,1.969,1.8545,1.7902,1.7435,1.6268,1.5852,1.5693,1.5697,1.5837,1.6047,1.6309,1.6591,1.6876,1.7357,1.789,1.844,1.864
31-10-2019,1.9445,1.8262,1.7476,1.688,1.5515,1.5,1.4835,1.485,1.4988,1.519,1.545,1.5734,1.602,1.6511,1.7059,1.7626,1.7835
01-11-2019,1.9445,1.8392,1.768,1.7175,1.5921,1.5434,1.5212,1.517,1.5287,1.5481,1.5726,1.6001,1.6279,1.6754,1.7286,1.7834,1.8026
04-11-2019,1.9325,1.8556,1.7925,1.7454,1.6336,1.5915,1.5733,1.5725,1.5887,1.6115,1.6385,1.6678,1.6975,1.747,1.801,1.8573,1.8775
05-11-2019,1.9507,1.8541,1.8004,1.76,1.6698,1.6415,1.6341,1.642,1.661,1.6855,1.7143,1.7449,1.775,1.825,1.8797,1.9369,1.9566
06-11-2019,1.9347,1.8504,1.7947,1.7522,1.652,1.6184,1.6074,1.6125,1.631,1.6552,1.6836,1.714,1.7443,1.7946,1.8499,1.908,1.9279
07-11-2019,1.9436,1.8577,1.8105,1.776,1.7054,1.6914,1.6935,1.7073,1.7257,1.7485,1.7758,1.8045,1.8336,1.882,1.9353,1.9905,2.009
08-11-2019,1.9429,1.8632,1.8191,1.787,1.7165,1.7035,1.7072,1.722,1.7407,1.7641,1.791,1.8201,1.849,1.8978,1.9513,2.0066,2.0258
11-11-2019,1.947,1.8632,1.8191,1.787,1.722,1.7058,1.71,1.7218,1.7407,1.7678,1.7966,1.823,1.849,1.9,1.9542,2.0091,2.026
12-11-2019,1.9517,1.8628,1.8142,1.778,1.7011,1.6872,1.6934,1.7094,1.7305,1.756,1.7843,1.8142,1.8435,1.8932,1.947,2.0032,2.0218
13-11-2019,1.951,1.8542,1.8013,1.7608,1.6691,1.6445,1.6435,1.6549,1.6753,1.7007,1.729,1.759,1.789,1.839,1.893,1.949,1.9682
14-11-2019,1.9464,1.8395,1.7793,1.7325,1.623,1.5895,1.5841,1.5927,1.6129,1.6357,1.6635,1.693,1.7228,1.7727,1.827,1.8835,1.903
15-11-2019,1.9449,1.8417,1.7844,1.7367,1.6316,1.6009,1.597,1.6072,1.6265,1.65,1.6779,1.7071,1.7364,1.7851,1.8377,1.8931,1.9112
18-11-2019,1.9407,1.8324,1.7708,1.7235,1.6077,1.5756,1.574,1.5863,1.6054,1.6283,1.6554,1.6845,1.7136,1.764,1.8195,1.8767,1.8963
19-11-2019,1.9367,1.8275,1.7621,1.7105,1.5882,1.55,1.5441,1.5537,1.571,1.5932,1.6199,1.6483,1.6772,1.7259,1.7793,1.835,1.8533
20-11-2019,1.94,1.8255,1.7524,1.697,1.5676,1.5261,1.5173,1.524,1.5403,1.5615,1.5872,1.6157,1.6441,1.6935,1.748,1.8033,1.8227
21-11-2019,1.9409,1.837,1.7687,1.7137,1.5849,1.546,1.5396,1.548,1.5645,1.5827,1.6077,1.6352,1.6631,1.7125,1.7667,1.8232,1.8429
22-11-2019,1.9599,1.8517,1.7875,1.7355,1.609,1.5652,1.5525,1.5555,1.5704,1.5906,1.6157,1.6433,1.6714,1.7202,1.773,1.8282,1.8465
25-11-2019,1.9613,1.8557,1.7932,1.7425,1.6085,1.5626,1.5501,1.5529,1.5666,1.5867,1.6112,1.6385,1.666,1.7144,1.7674,1.8226,1.841
26-11-2019,1.9617,1.8457,1.784,1.732,1.5935,1.5434,1.533,1.5393,1.5541,1.5743,1.5996,1.6274,1.6554,1.7029,1.7548,1.8087,1.827
27-11-2019,1.9568,1.8595,1.8039,1.7565,1.6325,1.5878,1.5776,1.5835,1.596,1.6128,1.6352,1.6609,1.6872,1.7328,1.7836,1.8369,1.8542
28-11-2019,1.9281,1.8595,1.8039,1.7565,1.632,1.586,1.572,1.5832,1.596,1.613,1.633,1.6631,1.687,1.7327,1.783,1.837,1.8535
29-11-2019,1.9267,1.8574,1.7943,1.7409,1.6185,1.582,1.5771,1.586,1.601,1.6258,1.6458,1.672,1.7006,1.747,1.7982,1.857,1.8739
02-12-2019,1.9212,1.8527,1.7942,1.7425,1.6266,1.5962,1.5961,1.6102,1.6303,1.6545,1.6832,1.7135,1.7434,1.7934,1.8475,1.9032,1.9222
03-12-2019,1.9125,1.83,1.7544,1.6908,1.549,1.5048,1.4991,1.5104,1.5291,1.5529,1.581,1.611,1.6411,1.6919,1.747,1.8035,1.823
04-12-2019,1.9081,1.8269,1.7624,1.7074,1.5886,1.5556,1.5558,1.57,1.5895,1.6127,1.6404,1.6702,1.7003,1.7517,1.8082,1.8654,1.8858
05-12-2019,1.9059,1.8277,1.7662,1.7165,1.6126,1.5887,1.5902,1.6051,1.6264,1.6509,1.6795,1.7105,1.7412,1.7923,1.8478,1.9042,1.9237
06-12-2019,1.9115,1.8375,1.7804,1.7323,1.6355,1.6149,1.6184,1.634,1.6555,1.68,1.7081,1.7384,1.7688,1.8189,1.8735,1.9288,1.9477
09-12-2019,1.9094,1.8349,1.776,1.7273,1.6295,1.6094,1.6136,1.6295,1.648,1.6697,1.6955,1.7239,1.7524,1.8007,1.8534,1.907,1.9251
10-12-2019,1.9082,1.8418,1.7869,1.7425,1.6562,1.6355,1.6382,1.6529,1.669,1.6896,1.7141,1.7415,1.7685,1.8163,1.868,1.9205,1.9383
11-12-2019,1.9084,1.837,1.7805,1.7312,1.6276,1.6003,1.5985,1.6085,1.6243,1.6433,1.6672,1.6934,1.7205,1.7697,1.8237,1.8794,1.8982
12-12-2019,1.9147,1.855,1.8086,1.7678,1.6869,1.674,1.6855,1.7069,1.7276,1.7511,1.778,1.8069,1.8355,1.8849,1.9386,1.9933,2.0112
13-12-2019,1.9207,1.8534,1.7968,1.747,1.6417,1.616,1.617,1.6304,1.6505,1.6735,1.6995,1.7275,1.756,1.8065,1.862,1.918,1.9374
16-12-2019,1.9196,1.8557,1.8082,1.7658,1.6787,1.6635,1.6711,1.6897,1.7111,1.7359,1.7624,1.7896,1.818,1.8665,1.919,1.9725,1.99
17-12-2019,1.9236,1.8597,1.8116,1.771,1.6864,1.6725,1.681,1.6995,1.7235,1.7492,1.7766,1.8052,1.8339,1.8835,1.9375,1.9929,2.0113
18-12-2019,1.9292,1.8619,1.8169,1.778,1.6995,1.6886,1.7014,1.724,1.7497,1.7776,1.8063,1.8359,1.8657,1.916,1.971,2.0267,2.0452
19-12-2019,1.9292,1.8747,1.8264,1.7855,1.7009,1.689,1.7013,1.7245,1.752,1.781,1.8101,1.8414,1.8713,1.9219,1.9768,2.0323,2.051
20-12-2019,1.9562,1.8832,1.8356,1.7955,1.7099,1.6957,1.708,1.731,1.7593,1.788,1.817,1.8475,1.8773,1.9271,1.9815,2.0361,2.0542
23-12-2019,1.9562,1.8906,1.8447,1.804,1.7266,1.7156,1.7272,1.7492,1.7758,1.801,1.8295,1.8571,1.887,1.9366,1.99,2.0438,2.0624
24-12-2019,1.9683,1.8974,1.8467,1.804,1.684,1.682,1.6965,1.7155,1.7483,1.7723,1.8017,1.8314,1.8613,1.911,1.9655,2.0217,2.04
25-12-2019,1.9823,1.8974,1.8467,1.804,1.728,1.682,1.698,1.7178,1.7482,1.7724,1.8055,1.833,1.8643,1.9131,1.9678,2.0253,2.0402
26-12-2019,1.9823,1.896,1.8452,1.8042,1.7154,1.6956,1.7014,1.7195,1.744,1.7697,1.7968,1.8245,1.8528,1.9017,1.9545,2.0085,2.0268
27-12-2019,1.9823,1.8686,1.8191,1.78,1.6854,1.6615,1.6709,1.6939,1.721,1.7502,1.7803,1.8098,1.8399,1.8911,1.9473,2.0033,2.0227
30-12-2019,1.9662,1.8446,1.8013,1.7676,1.678,1.661,1.6728,1.6975,1.7268,1.757,1.787,1.8178,1.8482,1.9,1.9561,2.0125,2.032
31-12-2019,1.9296,1.8435,1.7999,1.7704,1.6975,1.689,1.7032,1.729,1.7626,1.7975,1.8303,1.8631,1.895,1.9507,2.0099,2.0664,2.0868
01-01-2020,1.9296,1.8435,1.7999,1.7704,1.6916,1.6876,1.6997,1.7293,1.763,1.793,1.829,1.8629,1.893,1.9497,2.0084,2.0655,2.0867
02-01-2020,1.9214,1.8364,1.7932,1.7604,1.6714,1.6538,1.6663,1.6925,1.7228,1.7538,1.7849,1.8161,1.8468,1.8986,1.9538,2.0085,2.0266
03-01-2020,1.9214,1.8136,1.7639,1.7233,1.6142,1.5864,1.5901,1.6098,1.636,1.6638,1.6931,1.7228,1.7521,1.8038,1.858,1.913,1.9311
06-01-2020,1.8931,1.8111,1.7605,1.7211,1.6108,1.5824,1.584,1.6015,1.6275,1.656,1.6873,1.7189,1.7498,1.8032,1.8609,1.9178,1.9378
07-01-2020,1.8989,1.8117,1.7596,1.717,1.6125,1.5878,1.5922,1.6128,1.6395,1.6695,1.7007,1.733,1.765,1.8196,1.8792,1.9381,1.959
08-01-2020,1.898,1.7985,1.7514,1.7292,1.6447,1.6277,1.6373,1.661,1.69,1.7204,1.7524,1.7847,1.8172,1.873,1.9332,1.9932,2.0148
09-01-2020,1.8542,1.8012,1.7603,1.729,1.643,1.6245,1.6298,1.6487,1.676,1.7054,1.7362,1.7683,1.7996,1.854,1.9127,1.972,1.9925
10-01-2020,1.8684,1.7944,1.7537,1.7218,1.631,1.608,1.6111,1.6281,1.6524,1.6794,1.7081,1.7388,1.7687,1.8205,1.877,1.9343,1.953
13-01-2020,1.8516,1.7969,1.7609,1.7308,1.6436,1.6224,1.6263,1.645,1.6713,1.701,1.732,1.7635,1.7945,1.8471,1.904,1.9623,1.9804
14-01-2020,1.8516,1.7998,1.7618,1.7292,1.6368,1.6104,1.6105,1.6255,1.6503,1.6795,1.7095,1.7406,1.7715,1.8245,1.8815,1.94,1.9585
15-01-2020,1.8565,1.798,1.7581,1.727,1.629,1.5991,1.5972,1.6116,1.6347,1.6596,1.6882,1.7173,1.7464,1.7988,1.8551,1.9129,1.9317
16-01-2020,1.8565,1.7945,1.7572,1.7269,1.6383,1.6144,1.6163,1.633,1.6556,1.6805,1.7079,1.7371,1.7658,1.8171,1.8732,1.9304,1.9487
17-01-2020,1.8393,1.793,1.7574,1.7283,1.639,1.6148,1.617,1.6358,1.6608,1.6894,1.7192,1.7502,1.7804,1.8338,1.8915,1.9497,1.9677
20-01-2020,1.8393,1.793,1.7574,1.7283,1.635,1.614,1.6135,1.635,1.6608,1.686,1.714,1.7466,1.78,1.827,1.89,1.949,1.967
21-01-2020,1.8263,1.7771,1.7388,1.7055,1.6075,1.5791,1.578,1.5932,1.6173,1.6457,1.6752,1.7063,1.737,1.7914,1.8502,1.9097,1.9289
22-01-2020,1.8209,1.7765,1.7354,1.7036,1.602,1.573,1.5723,1.5877,1.6118,1.6377,1.666,1.696,1.7257,1.7794,1.8375,1.8964,1.915
23-01-2020,1.8141,1.7651,1.7214,1.6862,1.5756,1.5422,1.5392,1.554,1.5757,1.5993,1.6262,1.655,1.6834,1.7344,1.7901,1.847,1.8641
24-01-2020,1.8153,1.7628,1.7165,1.6781,1.5549,1.5125,1.502,1.5105,1.5295,1.5525,1.5779,1.6061,1.6343,1.6859,1.7416,1.8001,1.818
27-01-2020,1.8153,1.7356,1.6815,1.6363,1.4924,1.4386,1.4268,1.435,1.4519,1.4722,1.497,1.5239,1.5508,1.602,1.6576,1.7163,1.7348
28-01-2020,1.7892,1.7432,1.6966,1.6575,1.5258,1.4755,1.4665,1.4774,1.4965,1.52,1.5474,1.5758,1.6042,1.6567,1.7134,1.7729,1.7925
29-01-2020,1.7771,1.7378,1.6779,1.6264,1.4756,1.4166,1.403,1.4105,1.4288,1.4515,1.479,1.5076,1.5362,1.5882,1.6445,1.7045,1.7237
30-01-2020,1.7771,1.7257,1.666,1.6245,1.4725,1.4168,1.4028,1.4092,1.4275,1.4505,1.477,1.5075,1.5361,1.5884,1.646,1.7055,1.7254
31-01-2020,1.7633,1.6882,1.627,1.5422,1.3783,1.3211,1.3077,1.3167,1.337,1.3621,1.391,1.4222,1.4525,1.5106,1.5737,1.6387,1.6627
03-02-2020,1.7511,1.6887,1.6246,1.5755,1.4165,1.359,1.3451,1.3531,1.3717,1.396,1.4241,1.4539,1.4835,1.5368,1.5961,1.6573,1.6785
04-02-2020,1.7374,1.7057,1.6558,1.616,1.4779,1.4267,1.4152,1.4243,1.4438,1.468,1.4958,1.5255,1.5548,1.6077,1.6662,1.7272,1.7481
05-02-2020,1.7416,1.711,1.6657,1.6328,1.5059,1.4645,1.4585,1.4715,1.494,1.5204,1.5497,1.5808,1.6115,1.6662,1.7264,1.7889,1.8112
06-02-2020,1.7341,1.7057,1.6615,1.628,1.5046,1.4624,1.4573,1.4704,1.491,1.5168,1.5446,1.5744,1.6031,1.6542,1.7105,1.7696,1.7895
07-02-2020,1.7309,1.6833,1.6359,1.5897,1.4552,1.4089,1.4013,1.4129,1.4322,1.4561,1.4832,1.5117,1.54,1.5913,1.6484,1.708,1.728
10-02-2020,1.7309,1.6628,1.6099,1.568,1.4313,1.385,1.3773,1.3891,1.409,1.4329,1.46,1.4886,1.5169,1.5698,1.628,1.689,1.7101
11-02-2020,1.7073,1.6724,1.6247,1.586,1.4561,1.4129,1.406,1.4172,1.4385,1.463,1.4901,1.519,1.5473,1.5984,1.6549,1.7142,1.7338
12-02-2020,1.7038,1.68,1.6384,1.6068,1.489,1.4509,1.4458,1.4585,1.48,1.5051,1.5324,1.5615,1.5894,1.6398,1.6956,1.7537,1.7727
13-02-2020,1.7038,1.665,1.6239,1.5928,1.4758,1.4375,1.4305,1.4418,1.4625,1.4863,1.5128,1.5409,1.5687,1.6175,1.6721,1.729,1.7473
14-02-2020,1.6918,1.6616,1.6164,1.5842,1.4587,1.414,1.4037,1.412,1.4306,1.4531,1.4781,1.5052,1.5318,1.5805,1.635,1.6917,1.7104
17-02-2020,1.6929,1.6616,1.6164,1.5842,1.4647,1.418,1.4091,1.414,1.4306,1.4538,1.4805,1.505,1.5339,1.5815,1.636,1.6951,1.7104
18-02-2020,1.6946,1.6545,1.6043,1.5655,1.437,1.3917,1.3803,1.3877,1.405,1.4255,1.4496,1.4756,1.5012,1.5485,1.6014,1.656,1.6733
19-02-2020,1.696,1.6607,1.6127,1.5798,1.4527,1.4083,1.396,1.4019,1.4173,1.437,1.4601,1.4854,1.5101,1.5562,1.6074,1.6612,1.6777
20-02-2020,1.696,1.6382,1.585,1.5478,1.4118,1.3619,1.3487,1.3533,1.3676,1.3846,1.406,1.4305,1.4539,1.4974,1.546,1.597,1.6119
21-02-2020,1.6793,1.6183,1.5563,1.5132,1.3668,1.315,1.301,1.3053,1.3166,1.3328,1.3528,1.3756,1.3978,1.4377,1.4829,1.531,1.5437
24-02-2020,1.6793,1.5585,1.481,1.4311,1.2656,1.2085,1.1922,1.1958,1.2115,1.2298,1.2526,1.2776,1.3021,1.345,1.394,1.4449,1.4606
25-02-2020,1.6466,1.5461,1.4654,1.414,1.249,1.193,1.1776,1.182,1.197,1.2162,1.2393,1.2643,1.2886,1.3309,1.3785,1.4282,1.4426
26-02-2020,1.6376,1.5013,1.4372,1.3671,1.2092,1.1654,1.1583,1.1689,1.1883,1.2096,1.2343,1.2611,1.2872,1.3324,1.3832,1.4356,1.452
27-02-2020,1.6155,1.4465,1.3415,1.2606,1.107,1.0704,1.0702,1.0848,1.105,1.1275,1.1535,1.1805,1.2065,1.2538,1.3054,1.3602,1.3765
28-02-2020,1.6155,1.3184,1.2053,1.1418,0.985,0.9513,0.9601,0.9814,1.0068,1.0317,1.0595,1.0889,1.1175,1.1669,1.2223,1.2787,1.2979
02-03-2020,1.4953,1.1593,1.0407,1.049,0.9618,0.9554,0.9786,1.0094,1.0388,1.0659,1.0955,1.1255,1.154,1.208,1.2662,1.325,1.3459
03-03-2020,1.2816,1.0615,0.9899,0.875,0.7673,0.7597,0.7799,0.8097,0.8461,0.8801,0.9153,0.9503,0.9843,1.0482,1.1178,1.188,1.2152
04-03-2020,1.3428,0.8694,0.7816,0.808,0.7528,0.7695,0.8047,0.8457,0.8884,0.9298,0.97,1.0104,1.0471,1.116,1.19,1.2646,1.2941
05-03-2020,1.0211,0.8848,0.7836,0.76,0.6854,0.6916,0.716,0.7455,0.781,0.8153,0.8505,0.8849,0.918,0.9776,1.0413,1.1085,1.1314
06-03-2020,1.0211,0.7908,0.705,0.6892,0.6442,0.6652,0.7012,0.7363,0.7602,0.779,0.7985,0.8205,0.8408,0.8741,0.9113,0.95,0.9585
09-03-2020,0.9159,0.6376,0.5767,0.51,0.4733,0.4999,0.5325,0.5608,0.576,0.587,0.5983,0.6113,0.6226,0.6364,0.6515,0.6693,0.6654
10-03-2020,0.7852,0.6666,0.5719,0.5861,0.5732,0.6219,0.6709,0.7121,0.7455,0.7724,0.795,0.8165,0.8333,0.8469,0.857,0.8736,0.8673
11-03-2020,0.8012,0.6175,0.5305,0.5151,0.5012,0.564,0.6486,0.7218,0.7688,0.8032,0.8301,0.8533,0.8721,0.8912,0.9072,0.928,0.923
12-03-2020,0.7897,0.6325,0.5509,0.5137,0.4671,0.5073,0.5747,0.6323,0.6765,0.7077,0.7332,0.7551,0.772,0.7869,0.7952,0.8043,0.797
13-03-2020,0.757,0.6861,0.5913,0.5475,0.529,0.6092,0.6996,0.7824,0.8386,0.8808,0.917,0.9419,0.9633,0.9724,0.9738,0.978,0.9645
16-03-2020,0.8619,0.6504,0.5401,0.4945,0.4415,0.4813,0.5437,0.601,0.646,0.68,0.7096,0.7339,0.7518,0.7652,0.773,0.7805,0.7754
17-03-2020,0.9091,0.7725,0.6443,0.602,0.5623,0.628,0.7175,0.7967,0.857,0.904,0.9416,0.9719,0.994,1.0145,1.0255,1.0397,1.036
18-03-2020,1.0747,0.8344,0.6898,0.642,0.5835,0.6335,0.7198,0.8053,0.8795,0.9466,0.9986,1.0411,1.072,1.0925,1.0988,1.1058,1.0965
19-03-2020,1.1405,0.9473,0.7955,0.72,0.6145,0.6267,0.6711,0.725,0.801,0.8722,0.9297,0.975,1.0096,1.034,1.0455,1.0537,1.048
20-03-2020,1.2217,0.8845,0.72,0.632,0.5055,0.4987,0.5185,0.5477,0.6037,0.6608,0.7045,0.7399,0.7661,0.7836,0.7889,0.7905,0.781
23-03-2020,1.2309,0.8724,0.6957,0.616,0.488,0.4685,0.4845,0.5137,0.5628,0.6136,0.6546,0.6885,0.7129,0.7409,0.757,0.7678,0.769
24-03-2020,1.2426,0.8989,0.728,0.645,0.5203,0.5211,0.5532,0.5933,0.6355,0.6755,0.7095,0.736,0.7555,0.785,0.804,0.8177,0.8185
25-03-2020,1.2592,0.9373,0.7541,0.6595,0.519,0.5245,0.5681,0.6159,0.6651,0.7111,0.749,0.7813,0.8074,0.8453,0.8745,0.8995,0.9058
26-03-2020,1.2952,0.9804,0.7765,0.6694,0.5044,0.502,0.5465,0.5969,0.6394,0.6788,0.7127,0.7419,0.7634,0.7993,0.8262,0.8495,0.8553
27-03-2020,1.4052,1.0247,0.8117,0.6969,0.4981,0.464,0.4792,0.5076,0.5396,0.569,0.5948,0.6203,0.6403,0.6785,0.7089,0.7365,0.7437
30-03-2020,1.4662,0.9952,0.7922,0.6799,0.5035,0.4836,0.5066,0.544,0.5863,0.6283,0.6668,0.7008,0.7285,0.7722,0.8095,0.8479,0.8576
31-03-2020,1.4493,0.9872,0.7775,0.6653,0.4903,0.4612,0.4844,0.5239,0.5673,0.6102,0.6497,0.6862,0.7161,0.7652,0.8097,0.856,0.8696
01-04-2020,1.4666,0.9726,0.7721,0.6555,0.4782,0.4512,0.4728,0.51,0.5482,0.5831,0.6192,0.6514,0.6793,0.7269,0.7705,0.8135,0.8278
02-04-2020,1.4525,0.9275,0.7354,0.6335,0.4601,0.4348,0.4623,0.5025,0.5373,0.569,0.6,0.6305,0.6572,0.7063,0.7517,0.7995,0.8143
03-04-2020,1.3883,0.9445,0.7517,0.6479,0.4698,0.4464,0.4703,0.506,0.54,0.5698,0.5993,0.628,0.6522,0.694,0.7322,0.7741,0.7853
06-04-2020,1.4028,0.9395,0.7601,0.6602,0.4917,0.4813,0.511,0.5535,0.5935,0.6287,0.6605,0.6897,0.7163,0.7587,0.798,0.8408,0.8531
07-04-2020,1.3674,0.9427,0.774,0.681,0.5179,0.5071,0.538,0.583,0.63,0.6732,0.7083,0.7405,0.7693,0.8151,0.857,0.903,0.917
08-04-2020,1.326,0.9358,0.776,0.6715,0.5109,0.5044,0.5474,0.6045,0.661,0.7118,0.7549,0.7929,0.8253,0.8744,0.9204,0.9702,0.9853
09-04-2020,1.326,0.85,0.6973,0.6117,0.4639,0.4589,0.5067,0.548,0.6254,0.6818,0.729,0.7735,0.8092,0.8636,0.9142,0.9684,0.9868
10-04-2020,1.2324,0.85,0.6973,0.6105,0.4654,0.4589,0.501,0.5631,0.625,0.6725,0.7225,0.7676,0.808,0.842,0.9138,0.9642,0.9845
13-04-2020,1.2324,0.8377,0.689,0.6047,0.4652,0.4688,0.5202,0.5857,0.6506,0.7097,0.7595,0.8035,0.8426,0.902,0.957,1.0156,1.0365
14-04-2020,1.2324,0.7927,0.6451,0.571,0.4388,0.4414,0.4891,0.5519,0.6198,0.6819,0.735,0.7819,0.8236,0.8867,0.9465,1.009,1.0327
15-04-2020,1.1892,0.7526,0.6146,0.5407,0.41,0.3962,0.4225,0.4657,0.5215,0.5747,0.6212,0.6632,0.6999,0.7567,0.8088,0.8649,0.884
16-04-2020,1.1479,0.7707,0.6332,0.558,0.4252,0.4116,0.4383,0.4815,0.5355,0.5839,0.6283,0.6682,0.7027,0.7524,0.798,0.8461,0.8612
17-04-2020,1.1479,0.7528,0.6188,0.5465,0.4161,0.402,0.431,0.4782,0.5337,0.5868,0.6343,0.6765,0.7128,0.7672,0.8163,0.8682,0.8859
20-04-2020,1.1213,0.7631,0.6308,0.5575,0.4216,0.4006,0.4209,0.4607,0.5102,0.5581,0.6012,0.6393,0.6723,0.7229,0.7685,0.814,0.8285
21-04-2020,1.1098,0.7323,0.6085,0.5412,0.4096,0.3871,0.4065,0.4445,0.4893,0.5322,0.5719,0.6069,0.6378,0.6862,0.7296,0.7729,0.7862
22-04-2020,1.0546,0.708,0.5918,0.5267,0.404,0.3895,0.4154,0.4585,0.507,0.5522,0.594,0.6313,0.663,0.7136,0.7587,0.8024,0.8155
23-04-2020,1.0316,0.6924,0.581,0.5162,0.3985,0.3835,0.409,0.4505,0.4947,0.5367,0.5753,0.6098,0.6389,0.6862,0.7272,0.7678,0.7782
24-04-2020,1.0024,0.6265,0.5321,0.4791,0.384,0.3777,0.4074,0.4514,0.4947,0.5344,0.5712,0.604,0.6323,0.6745,0.7105,0.7449,0.7527
27-04-2020,0.897,0.5961,0.5114,0.463,0.3786,0.3779,0.4148,0.4674,0.5191,0.5658,0.6081,0.646,0.6786,0.7274,0.7704,0.8109,0.822
28-04-2020,0.8501,0.5471,0.4727,0.4295,0.3555,0.3532,0.3854,0.4316,0.4793,0.5202,0.5585,0.5938,0.6235,0.6719,0.7142,0.7552,0.7658
29-04-2020,0.7767,0.5075,0.4428,0.4023,0.3364,0.3386,0.3726,0.4212,0.4733,0.5229,0.5652,0.6042,0.638,0.6944,0.7453,0.7932,0.8094
30-04-2020,0.7019,0.4418,0.3988,0.3705,0.3203,0.325,0.361,0.413,0.4692,0.521,0.5673,0.6081,0.6452,0.7032,0.757,0.8085,0.8255
01-05-2020,0.5685,0.4376,0.3998,0.3743,0.324,0.3245,0.3525,0.3974,0.4505,0.5,0.5445,0.5849,0.6195,0.6761,0.7283,0.7787,0.793
04-05-2020,0.5529,0.4185,0.3849,0.361,0.3157,0.3213,0.3564,0.4071,0.461,0.5108,0.5559,0.5957,0.6306,0.6878,0.7405,0.7925,0.806
05-05-2020,0.512,0.4053,0.377,0.3535,0.3126,0.3243,0.3633,0.4186,0.4765,0.53,0.5771,0.6195,0.6569,0.7208,0.7806,0.8376,0.8555
06-05-2020,0.4845,0.3863,0.3613,0.338,0.2962,0.3073,0.3454,0.4,0.465,0.5253,0.5778,0.6249,0.6667,0.7372,0.8034,0.8671,0.8881
07-05-2020,0.4576,0.3664,0.3328,0.3014,0.2425,0.2455,0.28,0.3335,0.3992,0.461,0.5159,0.5649,0.608,0.6795,0.7455,0.8105,0.8313
08-05-2020,0.4443,0.3721,0.3429,0.3158,0.2562,0.26,0.2968,0.3544,0.4232,0.4888,0.547,0.5984,0.6439,0.7182,0.7872,0.8565,0.8777
11-05-2020,0.4431,0.3752,0.3452,0.3175,0.2595,0.2639,0.3013,0.359,0.43,0.4975,0.5582,0.6115,0.6585,0.7348,0.8061,0.8759,0.8969
12-05-2020,0.4431,0.3816,0.3583,0.3309,0.2619,0.2587,0.2926,0.3476,0.4135,0.4753,0.5323,0.5834,0.6283,0.704,0.775,0.8446,0.8655
13-05-2020,0.4332,0.3592,0.3422,0.3195,0.262,0.2587,0.2899,0.3413,0.4051,0.4657,0.5211,0.5715,0.6162,0.691,0.7616,0.8309,0.8532
14-05-2020,0.3942,0.346,0.3284,0.306,0.2515,0.2508,0.282,0.3334,0.3927,0.4489,0.5017,0.5494,0.5914,0.6602,0.7249,0.7884,0.8066
15-05-2020,0.389,0.3404,0.3248,0.3,0.248,0.2531,0.29,0.3466,0.411,0.4728,0.5293,0.581,0.6263,0.698,0.7656,0.8316,0.8517
18-05-2020,0.385,0.3465,0.3363,0.3152,0.2704,0.286,0.3374,0.405,0.477,0.5441,0.6052,0.6599,0.708,0.7855,0.8583,0.9305,0.9534
19-05-2020,0.3824,0.3338,0.3215,0.2995,0.256,0.2684,0.3096,0.37,0.4395,0.5066,0.5677,0.6228,0.6715,0.7504,0.8253,0.8998,0.924
20-05-2020,0.3823,0.3239,0.3124,0.2918,0.2513,0.2674,0.311,0.3725,0.4409,0.5052,0.5641,0.6174,0.6656,0.7449,0.82,0.895,0.9194
21-05-2020,0.3675,0.3275,0.3173,0.2954,0.256,0.2712,0.3129,0.3715,0.4392,0.5028,0.5618,0.6156,0.6629,0.7422,0.8178,0.8938,0.9185
22-05-2020,0.3675,0.3416,0.3319,0.309,0.262,0.276,0.3151,0.3725,0.4382,0.502,0.56,0.613,0.6596,0.738,0.8145,0.89,0.9153
25-05-2020,0.3775,0.3416,0.3313,0.309,0.2611,0.271,0.314,0.375,0.4382,0.502,0.5584,0.611,0.66,0.732,0.8116,0.8745,0.925
26-05-2020,0.3795,0.3442,0.335,0.3116,0.2677,0.2781,0.3226,0.3835,0.4541,0.5217,0.5839,0.6401,0.6904,0.7771,0.8608,0.9445,0.9738
27-05-2020,0.3706,0.3376,0.3312,0.3107,0.272,0.286,0.328,0.3858,0.451,0.5139,0.5718,0.6255,0.6732,0.7575,0.841,0.9248,0.9538
28-05-2020,0.3706,0.3251,0.3187,0.3017,0.2668,0.2831,0.3272,0.3885,0.456,0.521,0.5811,0.6363,0.6855,0.77,0.8541,0.9377,0.967
29-05-2020,0.3516,0.3188,0.3116,0.2927,0.2513,0.2627,0.3028,0.3595,0.4255,0.4898,0.5479,0.6021,0.6506,0.7329,0.8138,0.8965,0.9245
01-06-2020,0.3446,0.315,0.3093,0.2896,0.2476,0.2589,0.2998,0.358,0.4246,0.4891,0.5492,0.6037,0.6531,0.7408,0.8288,0.9178,0.9505
02-06-2020,0.3378,0.3115,0.3077,0.2886,0.2468,0.2603,0.3027,0.364,0.434,0.5036,0.5665,0.624,0.6756,0.7658,0.8575,0.9489,0.9829
03-06-2020,0.3337,0.3155,0.3173,0.3011,0.2668,0.2867,0.3364,0.4039,0.481,0.5556,0.6227,0.6832,0.7375,0.826,0.9138,1.0024,1.0347
04-06-2020,0.3339,0.3118,0.3164,0.3015,0.2744,0.3028,0.3668,0.448,0.5365,0.6195,0.6929,0.7588,0.8174,0.9111,1.0056,1.0983,1.1337
05-06-2020,0.3198,0.3117,0.3185,0.3067,0.2959,0.3422,0.419,0.5093,0.6016,0.6854,0.759,0.8247,0.8814,0.9698,1.0569,1.1425,1.1725
08-06-2020,0.3166,0.3205,0.3316,0.321,0.3069,0.3425,0.4095,0.4922,0.5822,0.665,0.738,0.8029,0.8594,0.948,1.0347,1.1203,1.1507
09-06-2020,0.3216,0.3205,0.328,0.3144,0.291,0.3164,0.3744,0.4504,0.5382,0.621,0.6935,0.7576,0.8135,0.8999,0.9845,1.068,1.0962
10-06-2020,0.3253,0.312,0.3161,0.2989,0.2637,0.2732,0.3152,0.3788,0.4614,0.5397,0.6093,0.6722,0.7277,0.82,0.9113,1.0023,1.0361
11-06-2020,0.3203,0.3267,0.3342,0.3167,0.2767,0.2811,0.3162,0.3711,0.4391,0.5045,0.5635,0.6164,0.6636,0.7403,0.8175,0.8939,0.9182
12-06-2020,0.328,0.3162,0.3207,0.3035,0.2656,0.2735,0.315,0.378,0.4518,0.5241,0.5882,0.6459,0.6965,0.7779,0.8586,0.9389,0.9653
15-06-2020,0.328,0.3052,0.3152,0.3,0.2656,0.279,0.3248,0.3914,0.4661,0.5393,0.6041,0.662,0.7119,0.7908,0.868,0.945,0.969
16-06-2020,0.3056,0.3123,0.3211,0.3038,0.266,0.2773,0.3236,0.3922,0.472,0.5493,0.6187,0.6813,0.7362,0.8256,0.915,1.0017,1.0346
17-06-2020,0.3231,0.3125,0.3165,0.3005,0.2618,0.272,0.3154,0.3805,0.4555,0.5296,0.5961,0.6574,0.7116,0.8007,0.8899,0.9778,1.0101
18-06-2020,0.3233,0.305,0.3122,0.2942,0.2583,0.268,0.3077,0.3689,0.4413,0.5106,0.5745,0.6342,0.6846,0.7697,0.8565,0.94,0.9698
19-06-2020,0.3119,0.3042,0.3104,0.2918,0.2555,0.2656,0.3045,0.3651,0.4355,0.5033,0.5674,0.6251,0.6755,0.7587,0.8415,0.9227,0.9505
22-06-2020,0.3032,0.2998,0.3074,0.2901,0.2538,0.2646,0.3102,0.3764,0.4495,0.519,0.5842,0.6429,0.694,0.7774,0.8598,0.9409,0.969
23-06-2020,0.3035,0.2976,0.302,0.2884,0.2526,0.2627,0.306,0.3724,0.4475,0.52,0.587,0.6484,0.7015,0.789,0.8771,0.9625,0.9926
24-06-2020,0.3033,0.2902,0.2981,0.2845,0.2502,0.2584,0.2984,0.3611,0.4312,0.499,0.562,0.6188,0.6693,0.7517,0.8332,0.9131,0.9395
25-06-2020,0.2901,0.3038,0.3079,0.2912,0.2546,0.2625,0.3042,0.3687,0.4387,0.5063,0.5691,0.6263,0.676,0.757,0.837,0.9152,0.9404
26-06-2020,0.3147,0.2972,0.2972,0.2801,0.2397,0.2456,0.2812,0.3405,0.406,0.4689,0.5273,0.581,0.6272,0.7038,0.7788,0.8521,0.8739
29-06-2020,0.3147,0.2925,0.2882,0.2649,0.2265,0.2289,0.2607,0.3145,0.3815,0.4459,0.5064,0.5611,0.6092,0.6894,0.768,0.846,0.8708
30-06-2020,0.3087,0.293,0.2876,0.2645,0.2251,0.2305,0.267,0.3262,0.3981,0.4672,0.5306,0.5885,0.639,0.7224,0.8038,0.8843,0.9107
01-07-2020,0.305,0.2925,0.2882,0.2689,0.2312,0.242,0.2824,0.3451,0.4161,0.4857,0.5483,0.6057,0.6561,0.7391,0.8201,0.8995,0.9258
02-07-2020,0.3105,0.295,0.2901,0.2696,0.2271,0.2314,0.2722,0.332,0.4048,0.4746,0.5393,0.5976,0.649,0.7331,0.8159,0.8978,0.9247
03-07-2020,0.3105,0.295,0.2901,0.2696,0.2257,0.2329,0.2713,0.331,0.4048,0.474,0.538,0.599,0.649,0.734,0.817,0.8982,0.9255
